id,originTier,originAction,boardType,source,authorIdSha256_12,expectedStatus,titleSha256_12,contentSha256_12,updatedAt,publishedAt
cmn3617f5000dey2u1ghbq08i,TIER2,MANUAL_REVIEW,STORY,USER,c6110cfc276a,PUBLISHED,748c12f4db46,a108ee18d882,2026-09-14T00:56:37.498Z,2026-03-22
cmn3617j9000eey2ulqdkww36,TIER2,MANUAL_REVIEW,STORY,USER,779cc690be42,PUBLISHED,c00f3850c88a,cff6024e0f84,2026-09-14T00:56:13.739Z,2026-03-22
cmn3617ne000fey2uqhgsdexo,TIER2,MANUAL_REVIEW,STORY,USER,2ad76ac4104f,PUBLISHED,60ba5185c458,6685b65398f7,2026-09-14T00:56:38.186Z,2026-03-21
cmn3617vp000hey2ul9lrxra9,TIER2,MANUAL_REVIEW,STORY,USER,c6110cfc276a,PUBLISHED,31ad3569f9f6,3704b2968748,2026-09-14T00:56:13.604Z,2026-03-20
cmn3617zs000iey2utnd8ma5o,TIER2,MANUAL_REVIEW,STORY,USER,b6c658d95149,PUBLISHED,f2d05046f234,777e9feff77d,2026-09-14T00:56:13.562Z,2026-03-20
cmn36183x000jey2uyk2ivccy,TIER2,MANUAL_REVIEW,STORY,USER,c96753e3f63e,PUBLISHED,233534665334,9892f6634b66,2026-09-14T00:56:37.774Z,2026-03-19
cmn361883000key2ure8fg8p1,TIER2,MANUAL_REVIEW,HUMOR,USER,3e25851be399,PUBLISHED,443f8c646ebd,1782c28fa00f,2026-09-13T05:27:41.930Z,2026-03-23
cmn3618gf000mey2u2jmz43cr,TIER2,MANUAL_REVIEW,HUMOR,USER,3e25851be399,PUBLISHED,b11ee4edcedc,0828450ceaf0,2026-09-13T10:35:05.299Z,2026-03-21
cmn3618kh000ney2uabukvzf8,TIER2,MANUAL_REVIEW,HUMOR,USER,779cc690be42,PUBLISHED,a2a9a02ea122,341800f39fb4,2026-09-13T08:51:58.859Z,2026-03-21
cmn3618on000oey2umia522pm,TIER2,MANUAL_REVIEW,WEEKLY,USER,3e25851be399,PUBLISHED,4d0f6c8e9803,c272b7aa9410,2026-09-11T07:48:40.591Z,2026-03-23
cmn3618sv000pey2ug1c5q4cy,TIER2,MANUAL_REVIEW,WEEKLY,USER,be4f2cddca93,PUBLISHED,c16659c4693d,6bbfe727e2e2,2026-09-13T00:14:57.601Z,2026-03-22
cmn3618x2000qey2uz547i9ag,TIER2,MANUAL_REVIEW,MAGAZINE,USER,c6110cfc276a,PUBLISHED,1779c4a33746,aa0cc227309a,2026-09-13T17:06:47.942Z,2026-03-22
cmn36199c000tey2udfrw03vo,TIER2,MANUAL_REVIEW,MAGAZINE,USER,3e25851be399,PUBLISHED,69bd1e592ba7,182fe291654e,2026-09-13T18:41:23.890Z,2026-03-16
cmn3619dk000uey2u7wkw773v,TIER2,MANUAL_REVIEW,JOB,USER,3e25851be399,PUBLISHED,c6fd8f0df1d7,1e2d852e9a1b,2026-09-07T14:58:12.326Z,2026-03-23
cmn3619lv000wey2ujce99f1i,TIER2,MANUAL_REVIEW,JOB,USER,3e25851be399,PUBLISHED,5a22f5a6b5f9,462c6328d024,2026-09-13T09:00:39.855Z,2026-03-21
cmn3619u2000yey2uwsd4adtl,TIER2,MANUAL_REVIEW,JOB,USER,3e25851be399,PUBLISHED,f2e84766bd55,97199d8ffeb3,2026-09-12T00:47:11.496Z,2026-03-20
cmn361a2d0010ey2uk4y0f1c3,TIER2,MANUAL_REVIEW,JOB,USER,3e25851be399,PUBLISHED,9afbf7118a6f,4b7e30eae3d6,2026-09-13T05:58:59.288Z,2026-03-18
cmn361aam0012ey2u5615cvtm,TIER2,MANUAL_REVIEW,JOB,USER,3e25851be399,PUBLISHED,a17b103c0e0c,6240b28ef195,2026-09-13T20:30:43.790Z,2026-03-17
cmn8k8kzt0001yp38f165o2ib,TIER2,PRESERVE_CANDIDATE,MAGAZINE,BOT,03787c7fb2ee,PUBLISHED,3e43ee7ef53c,b02953eca466,2026-09-13T10:52:53.956Z,2026-03-27
cmn8k992u0003yp38txqdhtfr,TIER2,MANUAL_REVIEW,MAGAZINE,BOT,03787c7fb2ee,PUBLISHED,51e1f67e664f,953957657e36,2026-09-13T13:56:51.839Z,2026-03-27
cmna0q7q00000wn38itg3xstt,TIER2,PRESERVE_CANDIDATE,MAGAZINE,BOT,03787c7fb2ee,PUBLISHED,ed490cef323e,cd28f8b4c656,2026-09-12T09:21:56.282Z,2026-03-28
cmna0qz3e0002wn389x1a9ac2,TIER2,PRESERVE_CANDIDATE,MAGAZINE,BOT,03787c7fb2ee,PUBLISHED,76cc8ac0f7b1,406a2e112d9e,2026-09-13T19:53:04.840Z,2026-03-28
cmncr1vfy0000is38jxd0jc2q,TIER2,MANUAL_REVIEW,JOB,BOT,b160bf6ebd12,PUBLISHED,a733c7cd7123,c4d7618d5fc1,2026-09-13T19:58:44.955Z,2026-03-30
cmnd4t4fp0000gg381j1jacgq,TIER2,MANUAL_REVIEW,JOB,BOT,b160bf6ebd12,PUBLISHED,d4f403721977,1f27354c48be,2026-09-13T18:38:00.085Z,2026-03-30
cmnfil7i10001zb38mq26pnuo,TIER2,PRESERVE_CANDIDATE,MAGAZINE,BOT,03787c7fb2ee,PUBLISHED,61e53310ee2c,d3e4dcaf366a,2026-09-13T11:26:01.367Z,2026-04-01
cmnfinmw30005zb38dil7bms4,TIER2,PRESERVE_CANDIDATE,MAGAZINE,BOT,03787c7fb2ee,PUBLISHED,b10303425386,db55670684bf,2026-09-13T08:15:39.684Z,2026-04-01
cmnfrm4ue0001yv38ug5gfg7u,TIER2,PRESERVE_CANDIDATE,MAGAZINE,BOT,03787c7fb2ee,PUBLISHED,f5f649ddd5df,e2e682175afa,2026-09-14T00:23:57.019Z,2026-04-01
cmnfrok4h0003yv38m48or7bj,TIER2,PRESERVE_CANDIDATE,MAGAZINE,BOT,03787c7fb2ee,PUBLISHED,3d75202dcc8a,c2a0dc15b2e4,2026-09-11T15:42:25.022Z,2026-04-01
cmnfyt6vk0001yr38zzkapw1y,TIER2,PRESERVE_CANDIDATE,MAGAZINE,BOT,03787c7fb2ee,PUBLISHED,68e2e5aec41d,c4100d5a61d9,2026-09-13T07:11:01.151Z,2026-04-01
cmnfyv7b20003yr38m9hwub1w,TIER2,PRESERVE_CANDIDATE,MAGAZINE,BOT,03787c7fb2ee,PUBLISHED,d50736f79ec9,c4b2014f69b0,2026-09-13T00:37:19.235Z,2026-04-01
cmngxcjvl0001yf38wptsgaes,TIER2,PRESERVE_CANDIDATE,MAGAZINE,BOT,03787c7fb2ee,PUBLISHED,ec31fe8eeb67,701035823e10,2026-09-14T01:04:17.647Z,2026-04-02
cmngxeq430003yf38kq81e9ur,TIER2,PRESERVE_CANDIDATE,MAGAZINE,BOT,03787c7fb2ee,PUBLISHED,bdbb9cff560a,65fadd81214b,2026-09-12T21:21:36.232Z,2026-04-02
cmnh6ojex0001yh380gekyg3q,TIER2,PRESERVE_CANDIDATE,MAGAZINE,BOT,03787c7fb2ee,PUBLISHED,3e159ae39cd2,fb16ed2ee0bb,2026-09-14T02:37:39.970Z,2026-04-02
cmnh6r5800004yh38badal9nm,TIER2,PRESERVE_CANDIDATE,MAGAZINE,BOT,03787c7fb2ee,PUBLISHED,3a78a64e7a8f,100d886c5cfd,2026-09-11T17:22:08.922Z,2026-04-02
cmnhdqagt0001ye383zu1zmbv,TIER2,PRESERVE_CANDIDATE,MAGAZINE,BOT,03787c7fb2ee,PUBLISHED,b63156f7cc87,a6510e91be08,2026-09-13T22:14:34.383Z,2026-04-02
cmnhdshxz0003ye38ablrnnnr,TIER2,PRESERVE_CANDIDATE,MAGAZINE,BOT,03787c7fb2ee,PUBLISHED,a3931d66c598,05d677353ffe,2026-09-13T03:49:09.387Z,2026-04-02
cmnlnib9j0001iczfe3q44s1i,TIER2,PRESERVE_CANDIDATE,MAGAZINE,BOT,03787c7fb2ee,PUBLISHED,fa2c285c7491,f4cd12ad41ef,2026-09-14T02:07:50.807Z,2026-04-05
cmnlnjpt00004iczf5j3iyu5l,TIER2,PRESERVE_CANDIDATE,MAGAZINE,BOT,03787c7fb2ee,PUBLISHED,9b9e0be1581e,3dde2ffd537c,2026-09-13T15:11:40.413Z,2026-04-05
cmnmnlwtd0001igzfoo2plsdi,TIER2,MANUAL_REVIEW,MAGAZINE,BOT,03787c7fb2ee,PUBLISHED,8c17c8263c6d,185989717ec3,2026-09-14T02:17:15.095Z,2026-04-06
cmnmnn0d40003igzfmdmh5s28,TIER2,PRESERVE_CANDIDATE,MAGAZINE,BOT,03787c7fb2ee,PUBLISHED,d22ab15c82f3,3c15b073f6b9,2026-09-13T16:14:17.664Z,2026-04-06
cmnmx3hnu0001iezf4eu7ekt3,TIER2,PRESERVE_CANDIDATE,MAGAZINE,BOT,03787c7fb2ee,PUBLISHED,665ae20616f4,5b4c1d560069,2026-09-14T02:25:03.120Z,2026-04-06
cmnmx4epu0004iezfh9t08wrr,TIER2,PRESERVE_CANDIDATE,MAGAZINE,BOT,03787c7fb2ee,PUBLISHED,be08c8c94a0e,1b8c295c30dc,2026-09-14T02:25:06.619Z,2026-04-06
cmnn3vj3c0001gvzfnrvbkez3,TIER2,PRESERVE_CANDIDATE,MAGAZINE,BOT,03787c7fb2ee,PUBLISHED,64a0f39dacf2,20fe7e94b6ff,2026-09-13T15:09:15.087Z,2026-04-06
cmnn3wk3s0004gvzf5medsuwz,TIER2,PRESERVE_CANDIDATE,MAGAZINE,BOT,03787c7fb2ee,PUBLISHED,71d669a812fa,4014cf0693ad,2026-09-13T09:13:03.762Z,2026-04-06
cmno2puh00001k9zfrli9ge4g,TIER2,MANUAL_REVIEW,MAGAZINE,BOT,03787c7fb2ee,PUBLISHED,1177a6ded5df,6c01156e2858,2026-09-11T08:51:16.718Z,2026-04-07
cmno2qts20004k9zfnspmb5bj,TIER2,PRESERVE_CANDIDATE,MAGAZINE,BOT,03787c7fb2ee,PUBLISHED,ac3fe168955d,f00b85b751cc,2026-09-13T18:50:12.693Z,2026-04-07
cmnojemem0001iozfeqqoh8zf,TIER2,PRESERVE_CANDIDATE,MAGAZINE,BOT,03787c7fb2ee,PUBLISHED,d1623775f728,0b1aa43b5d5e,2026-09-12T22:34:41.554Z,2026-04-07
cmnojfsyk0004iozfkvvqjffw,TIER2,PRESERVE_CANDIDATE,MAGAZINE,BOT,03787c7fb2ee,PUBLISHED,80bca25d201c,c1824111e012,2026-09-13T22:48:17.864Z,2026-04-07
cmnpi8rl90001iyzfmibf4hqu,TIER2,PRESERVE_CANDIDATE,MAGAZINE,BOT,03787c7fb2ee,PUBLISHED,b4e257fc2e83,02c5ba5fd6be,2026-09-11T08:51:07.924Z,2026-04-08
cmnpi9o4v0003iyzfzmy7411o,TIER2,PRESERVE_CANDIDATE,MAGAZINE,BOT,03787c7fb2ee,PUBLISHED,8133c1316fb7,e29af5720ca9,2026-09-13T15:16:05.231Z,2026-04-08
cmnprlshe0001iuzfimbffjsi,TIER2,PRESERVE_CANDIDATE,MAGAZINE,BOT,03787c7fb2ee,PUBLISHED,1090348d2e02,c71e8f78e2d5,2026-09-13T22:42:48.891Z,2026-04-08
cmnprms0m0003iuzf1fizfja5,TIER2,PRESERVE_CANDIDATE,MAGAZINE,BOT,03787c7fb2ee,PUBLISHED,ae1180096f54,92de2e18862e,2026-09-12T15:35:16.923Z,2026-04-08
cmnpyvhh10001iizf8098c0gu,TIER2,PRESERVE_CANDIDATE,MAGAZINE,BOT,03787c7fb2ee,PUBLISHED,6a926bacbe1e,f9c61560a822,2026-09-13T18:56:28.733Z,2026-04-08
cmnpywsfx0003iizfpjlsblge,TIER2,PRESERVE_CANDIDATE,MAGAZINE,BOT,03787c7fb2ee,PUBLISHED,faef4bfc8b72,ea77a27e388d,2026-09-14T03:46:05.705Z,2026-04-08
cmnqxi73q0001ji0ja02r5ew3,TIER2,PRESERVE_CANDIDATE,MAGAZINE,BOT,03787c7fb2ee,PUBLISHED,2e92c22f79a6,f1395f33e8a8,2026-09-14T02:03:45.533Z,2026-04-09
cmnqxje5p0003ji0jrvmzdbyn,TIER2,MANUAL_REVIEW,MAGAZINE,BOT,03787c7fb2ee,PUBLISHED,1d666aea7d85,96ccfb4f9012,2026-09-14T02:03:35.761Z,2026-04-09
cmnrecbpq0001hjzfwvvg0o1h,TIER2,PRESERVE_CANDIDATE,MAGAZINE,BOT,03787c7fb2ee,PUBLISHED,a66d7fd6a953,9659609b6771,2026-09-13T04:53:07.722Z,2026-04-09
cmnred9w80003hjzf92qw36dk,TIER2,MANUAL_REVIEW,MAGAZINE,BOT,03787c7fb2ee,PUBLISHED,a5dd16401275,1f9ec7734059,2026-09-11T13:04:35.088Z,2026-04-09
cmnsdg24t0001i60j6p0wxgu9,TIER2,PRESERVE_CANDIDATE,MAGAZINE,BOT,03787c7fb2ee,PUBLISHED,d92ce4c4685c,0c302e53dcba,2026-09-12T03:28:20.015Z,2026-04-10
cmnsdh5df0004i60jrkx8a70q,TIER2,PRESERVE_CANDIDATE,MAGAZINE,BOT,03787c7fb2ee,PUBLISHED,ddf417d8b738,2a5f5166a603,2026-09-13T20:19:43.656Z,2026-04-10
cmnsmsgt50001hz0jhybfcson,TIER2,PRESERVE_CANDIDATE,MAGAZINE,BOT,03787c7fb2ee,PUBLISHED,487f4c48da69,5c1f372023fb,2026-09-11T23:23:04.330Z,2026-04-10
cmnst9yc20001hx0j8sj7bfi9,TIER2,PRESERVE_CANDIDATE,MAGAZINE,BOT,03787c7fb2ee,PUBLISHED,8c0c9d86745d,05a2c7ad0a29,2026-09-13T15:45:07.414Z,2026-04-10
cmnstaxyh0004hx0jybrhyvyc,TIER2,PRESERVE_CANDIDATE,MAGAZINE,BOT,03787c7fb2ee,PUBLISHED,e7d161899ffc,2dfc93e0d85c,2026-09-13T15:28:20.003Z,2026-04-10
cmnts2ova0001ht0jcltdi44e,TIER2,PRESERVE_CANDIDATE,MAGAZINE,BOT,03787c7fb2ee,PUBLISHED,de73072e89f6,2e87e53a545f,2026-09-13T00:18:21.197Z,2026-04-11
cmnts3tww0003ht0jaelvqm4l,TIER2,PRESERVE_CANDIDATE,MAGAZINE,BOT,03787c7fb2ee,PUBLISHED,da2cea19d37c,681e792f7862,2026-09-13T01:27:55.109Z,2026-04-11
cmnu12dw10001ie0jwfr6vedu,TIER2,MANUAL_REVIEW,MAGAZINE,BOT,03787c7fb2ee,PUBLISHED,38f2ff8c1f0a,09994af47444,2026-09-11T08:50:29.559Z,2026-04-11
cmnu136w10004ie0jxyzpg9xr,TIER2,MANUAL_REVIEW,MAGAZINE,BOT,03787c7fb2ee,PUBLISHED,8eca2bb842be,04593f3d553c,2026-09-13T11:12:06.285Z,2026-04-11
cmnu86i7k0001hw0j9e8plphm,TIER2,PRESERVE_CANDIDATE,MAGAZINE,BOT,03787c7fb2ee,PUBLISHED,a87fd68b9428,97d535c56dc1,2026-09-11T08:50:25.571Z,2026-04-11
cmnu87i890004hw0jjovaoi1f,TIER2,PRESERVE_CANDIDATE,MAGAZINE,BOT,03787c7fb2ee,PUBLISHED,4166f8715596,3004a7e813cb,2026-09-13T07:22:25.137Z,2026-04-11
cmnv8g35c0001j20je31hq6cx,TIER2,PRESERVE_CANDIDATE,MAGAZINE,BOT,03787c7fb2ee,PUBLISHED,943f9cfd260f,6b3a55603b3a,2026-09-14T02:26:35.606Z,2026-04-12
cmnv8h4xk0004j20jaasyzkff,TIER2,PRESERVE_CANDIDATE,MAGAZINE,BOT,03787c7fb2ee,PUBLISHED,bf7cfe84a13d,a8104d36e62c,2026-09-13T18:07:06.621Z,2026-04-12
cmnvh1d5t0001i30j8xv74hmv,TIER2,PRESERVE_CANDIDATE,MAGAZINE,BOT,03787c7fb2ee,PUBLISHED,ea3efc0a89b3,b7f5b5e1c6ec,2026-09-13T06:37:11.071Z,2026-04-12
cmnvh2ipx0004i30jhuwr6gki,TIER2,PRESERVE_CANDIDATE,MAGAZINE,BOT,03787c7fb2ee,PUBLISHED,3587490d6d1c,cf247ca4f891,2026-09-11T08:50:15.576Z,2026-04-12
cmnvnraok0001i90j7tn9ebqg,TIER2,PRESERVE_CANDIDATE,MAGAZINE,BOT,03787c7fb2ee,PUBLISHED,5f60afa9279b,a18a6df4b385,2026-09-14T00:48:56.224Z,2026-04-12
cmnvns4hw0004i90j1z5orhy2,TIER2,PRESERVE_CANDIDATE,MAGAZINE,BOT,03787c7fb2ee,PUBLISHED,64efdfe4ff28,3190cc39332e,2026-09-13T15:09:10.287Z,2026-04-12
cmnzlscff0000jd0jwj3ozlzb,TIER2,MANUAL_REVIEW,JOB,BOT,b160bf6ebd12,PUBLISHED,4816bfe44aac,f6802bee3a8c,2026-09-11T19:34:07.760Z,2026-04-15
cmo2n1ury0000i00jpcxcl15r,TIER2,MANUAL_REVIEW,JOB,BOT,b160bf6ebd12,PUBLISHED,dac790a43c13,40d8f0335c59,2026-09-13T20:21:24.508Z,2026-04-17
cmo2nbhac00011h3ffwj2885p,TIER2,PRESERVE_CANDIDATE,MAGAZINE,BOT,03787c7fb2ee,PUBLISHED,e251902216f7,47f24eb3665c,2026-09-14T02:14:27.747Z,2026-04-17
cmo2ncech00041h3ffej0330d,TIER2,PRESERVE_CANDIDATE,MAGAZINE,BOT,03787c7fb2ee,PUBLISHED,368f3f74e95f,a3256b4692d3,2026-09-14T02:13:18.764Z,2026-04-17
cmo41ibf60000in3f6y0na0i0,TIER2,MANUAL_REVIEW,JOB,BOT,b160bf6ebd12,PUBLISHED,e960dd73e0bb,6753d1bdca0a,2026-09-13T21:09:56.599Z,2026-04-18
cmo41s5sk0001by3fzaj2gwf7,TIER2,MANUAL_REVIEW,MAGAZINE,BOT,03787c7fb2ee,PUBLISHED,e327fdf8bf7e,a1a27117d1b7,2026-09-11T10:53:43.764Z,2026-04-18
cmo41tcsp0004by3f0s2wdgjy,TIER2,MANUAL_REVIEW,MAGAZINE,BOT,03787c7fb2ee,PUBLISHED,54a8de679ae7,ee127895e472,2026-09-14T02:49:58.977Z,2026-04-18
cmo5bz9ew0000ga3fqjfe3bzr,TIER2,MANUAL_REVIEW,JOB,BOT,b160bf6ebd12,PUBLISHED,2c49e2be5c53,e1e97d205fe8,2026-09-14T00:18:08.531Z,2026-04-19
cmo5hgh0k0001g73fakby31y2,TIER2,PRESERVE_CANDIDATE,MAGAZINE,BOT,03787c7fb2ee,PUBLISHED,aeb2607dca36,ec59eb0990fb,2026-09-12T17:51:28.502Z,2026-04-19
cmo5hhp3y0004g73fr4jqoew7,TIER2,PRESERVE_CANDIDATE,MAGAZINE,BOT,03787c7fb2ee,PUBLISHED,0376c142d701,e9d43c01497c,2026-09-13T00:36:27.645Z,2026-04-19
cmo86som40000h03fhqug7mro,TIER2,MANUAL_REVIEW,JOB,BOT,b160bf6ebd12,PUBLISHED,c1c03df9fc27,dc596258a3d7,2026-09-13T03:49:54.743Z,2026-04-21
cmo8e1ali0001i63fim2f5n02,TIER2,PRESERVE_CANDIDATE,MAGAZINE,BOT,03787c7fb2ee,PUBLISHED,4c1ff7867a9d,978b1a7b7ac9,2026-09-13T02:50:45.922Z,2026-04-21
cmo8e2so30004i63foacwa12y,TIER2,PRESERVE_CANDIDATE,MAGAZINE,BOT,03787c7fb2ee,PUBLISHED,c54d3edcf27d,ec9942437dde,2026-09-13T21:28:34.603Z,2026-04-21
cmo9sdl620000in3fw3ehndsq,TIER2,MANUAL_REVIEW,JOB,BOT,b160bf6ebd12,PUBLISHED,590ecf76bb1b,1420cc607ab0,2026-09-14T01:38:05.100Z,2026-04-22
cmo9tbpxl0001g93fa6edfrnn,TIER2,PRESERVE_CANDIDATE,MAGAZINE,BOT,03787c7fb2ee,PUBLISHED,b7ce275ce4d3,ae4b6952b6e8,2026-09-13T19:59:24.312Z,2026-04-22
cmo9td40v0004g93frz8b32xh,TIER2,PRESERVE_CANDIDATE,MAGAZINE,BOT,03787c7fb2ee,PUBLISHED,0a7b36c63a55,a7feaa49b50a,2026-09-12T17:46:28.214Z,2026-04-22
cmoa03xid0000ka2u9xxc4666,TIER2,MANUAL_REVIEW,JOB,BOT,b160bf6ebd12,PUBLISHED,6e1af0c28394,b4c331844b60,2026-09-14T02:05:57.006Z,2026-04-22
cmocopdk00002gi3fjhdeh470,TIER2,PRESERVE_CANDIDATE,MAGAZINE,BOT,03787c7fb2ee,PUBLISHED,f97976ce2c1a,04386ce79fa8,2026-09-13T17:48:20.686Z,2026-04-24
cmocoqsms0005gi3fifpaq844,TIER2,PRESERVE_CANDIDATE,MAGAZINE,BOT,03787c7fb2ee,PUBLISHED,0ee70698ac41,48d66a592d31,2026-09-13T08:52:52.538Z,2026-04-24
cmodvmzdd0000h03fhkhkhogt,TIER2,MANUAL_REVIEW,JOB,BOT,b160bf6ebd12,PUBLISHED,f1ffb21f9b01,2bd9ceb2a93f,2026-08-14T06:39:35.111Z,2026-04-25
cmofhvp3a0000id3f8fjr3abm,TIER2,MANUAL_REVIEW,JOB,BOT,b160bf6ebd12,PUBLISHED,ce1bef9e788e,324db53da8f8,2026-09-13T02:06:15.636Z,2026-04-26
cmofp0rio0000hg3fawdj81hi,TIER2,MANUAL_REVIEW,JOB,BOT,b160bf6ebd12,PUBLISHED,ce57528069ca,eedcc5c520de,2026-09-12T02:24:57.834Z,2026-04-26
cmoh5zn040000j33fw2s2piad,TIER2,MANUAL_REVIEW,JOB,BOT,b160bf6ebd12,PUBLISHED,b2d435a477dc,10b6f0fabe05,2026-09-14T03:13:37.661Z,2026-04-27
cmoif2uob0002oo2uhyphxbom,TIER2,PRESERVE_CANDIDATE,MAGAZINE,BOT,03787c7fb2ee,PUBLISHED,fe57860a83f8,b2d6c7a67ad8,2026-09-13T22:39:08.392Z,2026-04-28
cmoif4aw10000gr3fa5qandsc,TIER2,MANUAL_REVIEW,JOB,BOT,b160bf6ebd12,PUBLISHED,c6870607e6e1,bc317500e9a0,2026-09-12T12:55:36.698Z,2026-04-28
cmoilkh8r0000d8528lmdjcz8,TIER2,MANUAL_REVIEW,JOB,BOT,b160bf6ebd12,PUBLISHED,05172a009acb,8a3b346e3890,2026-08-20T05:37:42.267Z,2026-04-28
cmonwkb2k0000j43f0sddbb1y,TIER2,MANUAL_REVIEW,JOB,BOT,b160bf6ebd12,PUBLISHED,eeac5162d738,7504da3aff43,2026-08-12T01:48:55.536Z,2026-05-02
cmoqsdd9p0000kf3fnte34335,TIER2,MANUAL_REVIEW,JOB,BOT,b160bf6ebd12,PUBLISHED,1e1216db7aec,7210784bd603,2026-09-13T14:05:02.072Z,2026-05-04
cmoqzn9ao0000j23fbcnytx0g,TIER2,MANUAL_REVIEW,JOB,BOT,b160bf6ebd12,PUBLISHED,8bbc8d2b8b17,8c75181bd9f9,2026-09-13T20:31:57.438Z,2026-05-04
cmor9yfx80002hx2uls9hmccs,TIER2,PRESERVE_CANDIDATE,MAGAZINE,BOT,03787c7fb2ee,PUBLISHED,a7226c82cae6,4941a43cd6da,2026-09-13T17:33:09.787Z,2026-05-04
cmora4eo90004hx2uhisodlry,TIER2,PRESERVE_CANDIDATE,MAGAZINE,BOT,03787c7fb2ee,PUBLISHED,2d071fe2363e,de12c138d456,2026-09-13T15:03:08.420Z,2026-05-04
cmoraa1jz0006hx2u38zo8ym6,TIER2,PRESERVE_CANDIDATE,MAGAZINE,BOT,03787c7fb2ee,PUBLISHED,36149f36ad99,9e7a978a3f8b,2026-09-12T20:34:06.802Z,2026-05-04
cmorqlr210002j42urg46rdja,TIER2,PRESERVE_CANDIDATE,MAGAZINE,BOT,03787c7fb2ee,PUBLISHED,5b585f14eff6,e3ab71dcf15f,2026-09-11T08:48:41.855Z,2026-05-04
cmorqrg1s0005j42u74jujm7r,TIER2,PRESERVE_CANDIDATE,MAGAZINE,BOT,03787c7fb2ee,PUBLISHED,0ff840b8356e,2985987be4b0,2026-09-13T19:59:51.460Z,2026-05-04
cmorqx77n0007j42u1sajigqg,TIER2,PRESERVE_CANDIDATE,MAGAZINE,BOT,03787c7fb2ee,PUBLISHED,91cc5607ba7c,0616c941dbad,2026-09-11T08:48:37.498Z,2026-05-04
cmoskssoi0000k53fdeiepbvb,TIER2,MANUAL_REVIEW,JOB,BOT,b160bf6ebd12,PUBLISHED,ef20e3fdcc7b,3d2ba74a1bac,2026-09-13T22:41:20.139Z,2026-05-05
cmou172yz0000k33fn4z1bvb1,TIER2,MANUAL_REVIEW,JOB,BOT,b160bf6ebd12,PUBLISHED,76dbf4536b71,bbbe059d22b4,2026-08-05T10:55:23.493Z,2026-05-06
cmov2lyov0000k33fvsj64tq4,TIER2,MANUAL_REVIEW,JOB,BOT,b160bf6ebd12,PUBLISHED,c721b85ca6cb,63f9dd23884f,2026-07-28T12:59:45.137Z,2026-05-07
cmowgzkg30000j33fscow2vd5,TIER2,MANUAL_REVIEW,JOB,BOT,b160bf6ebd12,PUBLISHED,a08af1addfc5,a7189d4d3c38,2026-09-13T15:38:40.206Z,2026-05-08
cmownd6yj0000jk3f836kk56i,TIER2,MANUAL_REVIEW,JOB,BOT,b160bf6ebd12,PUBLISHED,31454ff5455a,49fee4ef4e71,2026-08-05T12:04:57.713Z,2026-05-08
cmoy05oy900021r2yg5v818hs,TIER2,PRESERVE_CANDIDATE,MAGAZINE,BOT,03787c7fb2ee,PUBLISHED,4683f7d82021,f6a81283699b,2026-09-11T17:38:25.390Z,2026-05-09
cmoy06cou0005n42y3aaa5mf6,TIER2,PRESERVE_CANDIDATE,MAGAZINE,BOT,03787c7fb2ee,PUBLISHED,690613044ca7,a96458cd94b6,2026-09-12T14:11:53.302Z,2026-05-09
cmoy077lc0008n42yr6x7vukc,TIER2,PRESERVE_CANDIDATE,MAGAZINE,BOT,03787c7fb2ee,PUBLISHED,7fc44d33a7d8,c49c1261288e,2026-09-11T08:48:19.499Z,2026-05-09
cmoy0f2jm00051r2yzhghrnng,TIER2,PRESERVE_CANDIDATE,MAGAZINE,BOT,03787c7fb2ee,PUBLISHED,a5ea3a4d3d90,a5a64f318d95,2026-09-13T10:33:30.495Z,2026-05-09
cmoy0n9s100071r2y3p2xb0xm,TIER2,PRESERVE_CANDIDATE,MAGAZINE,BOT,03787c7fb2ee,PUBLISHED,1797cb880ed2,29a6a7c5cbd8,2026-09-11T10:36:18.793Z,2026-05-09
cmoy306wc0000jy3f1xx68x9q,TIER2,MANUAL_REVIEW,JOB,BOT,b160bf6ebd12,PUBLISHED,e0bf49d8e22c,e0b5c0b32c80,2026-07-14T12:20:30.270Z,2026-05-09
cmozpilix0000jy3fs5nz5krb,TIER2,MANUAL_REVIEW,JOB,BOT,b160bf6ebd12,PUBLISHED,a0374eedae64,b51fa64a310d,2026-08-14T16:45:19.021Z,2026-05-10
cmozpv5dy0002lu2y4x1lvuyr,TIER2,PRESERVE_CANDIDATE,MAGAZINE,BOT,03787c7fb2ee,PUBLISHED,864bac90020b,08cc9055a4ed,2026-09-13T11:11:44.458Z,2026-05-10
cmozq3vkt0005lu2y5w5jb4x6,TIER2,PRESERVE_CANDIDATE,MAGAZINE,BOT,03787c7fb2ee,PUBLISHED,f73e60144c23,1f2f10f144af,2026-09-13T05:44:08.983Z,2026-05-10
cmozqadee0007lu2y710bplnn,TIER2,PRESERVE_CANDIDATE,MAGAZINE,BOT,03787c7fb2ee,PUBLISHED,4b01874db5c9,ec6f17d5a4f3,2026-09-13T09:15:30.057Z,2026-05-10
cmp16u2b90001ks2yndcaiz3a,TIER2,KEEP_NOINDEX,STORY,SHEET,35a07f9558cb,PUBLISHED,9794a0203929,b3cfc12fc890,2026-09-12T12:12:40.625Z,2026-05-11
cmp16uktd000bks2ydmaiy3aq,TIER1,HIDE,HUMOR,SHEET,de3593a70b99,PUBLISHED,92c45a46e3f7,3150fcea5ece,2026-09-13T03:00:21.853Z,2026-05-11
cmp16upl9000dks2yum53gyhg,TIER1,HIDE,HUMOR,SHEET,de3593a70b99,PUBLISHED,67a061450aaa,ca9cbf8c4a03,2026-09-13T20:30:39.333Z,2026-05-11
cmp16utef000fks2ykkbwvcjj,TIER1,HIDE,HUMOR,SHEET,de3593a70b99,PUBLISHED,5736a74758ca,2eb3cd89c8ac,2026-09-12T17:40:11.152Z,2026-05-11
cmp16ux8o000hks2yzwil5wch,TIER1,HIDE,HUMOR,SHEET,de3593a70b99,PUBLISHED,3913163c0085,57ad4df25022,2026-09-12T12:11:38.542Z,2026-05-11
cmp16v0wv000jks2ymkji15jf,TIER1,HIDE,HUMOR,SHEET,de3593a70b99,PUBLISHED,7f2c12904cb5,f3ad0214f5fa,2026-09-13T09:11:24.968Z,2026-05-11
cmp16v96v000nks2yb2znib7j,TIER1,HIDE,HUMOR,SHEET,de3593a70b99,PUBLISHED,b0bc5b980d6e,9628ee6ca7aa,2026-09-12T12:11:39.568Z,2026-05-11
cmp195kbz0000mi3fuz4evrzu,TIER2,MANUAL_REVIEW,JOB,BOT,b160bf6ebd12,PUBLISHED,3b40bb1ed53a,38cd2c45a54e,2026-06-27T15:26:12.121Z,2026-05-11
cmp1u9dkq0002f22y3o93hg4u,TIER2,PRESERVE_CANDIDATE,MAGAZINE,BOT,03787c7fb2ee,PUBLISHED,1cf350fccb59,775c79dd2975,2026-09-14T02:03:41.824Z,2026-05-11
cmp1ufx4l0005f22yfyzb8y21,TIER2,PRESERVE_CANDIDATE,MAGAZINE,BOT,03787c7fb2ee,PUBLISHED,335926f3d20e,09b91d855ea5,2026-09-12T03:21:26.763Z,2026-05-11
cmp1uo31f0008f22yfpof679u,TIER2,PRESERVE_CANDIDATE,MAGAZINE,BOT,03787c7fb2ee,PUBLISHED,1c1e4bbac9b8,39af7fef050d,2026-09-13T15:35:32.149Z,2026-05-11
cmp26390d0009j53fwdltm5fw,TIER1,HIDE,HUMOR,SHEET,de3593a70b99,PUBLISHED,fc57b6c39328,9199c8c4027a,2026-09-13T07:54:29.661Z,2026-05-12
cmp263ig2000dj53fogaq2x6m,TIER2,KEEP_NOINDEX,HUMOR,SHEET,de3593a70b99,PUBLISHED,0d959277b05a,4b0867d828d1,2026-09-13T07:40:58.121Z,2026-05-12
cmp263swm000hj53fqm3gbm98,TIER1,HIDE,HUMOR,SHEET,de3593a70b99,PUBLISHED,d257e86bbc42,999af962722c,2026-09-13T00:50:06.947Z,2026-05-12
cmp26464x000lj53fgov5ifg6,TIER1,HIDE,HUMOR,SHEET,de3593a70b99,PUBLISHED,df9314fdaae2,6dc1d3c64e54,2026-09-14T02:26:52.191Z,2026-05-12
cmp264j8d000pj53f64t7o7ug,TIER1,HIDE,HUMOR,SHEET,de3593a70b99,PUBLISHED,8c27ecf8da9a,32ab9d58cb3f,2026-09-12T12:11:32.875Z,2026-05-12
cmp27zqgi0000hh3frfev2z73,TIER2,MANUAL_REVIEW,JOB,BOT,b160bf6ebd12,PUBLISHED,6e13cc97c0e3,2e349048bb92,2026-09-13T19:39:55.751Z,2026-05-12
cmp3gsgtx0009j63fd4xeu4jk,TIER1,HIDE,HUMOR,SHEET,de3593a70b99,PUBLISHED,ddc2a74e2969,911844229a0b,2026-09-12T12:11:42.316Z,2026-05-13
cmp3gsxa7000fj63f6ok8sijg,TIER1,HIDE,HUMOR,SHEET,de3593a70b99,PUBLISHED,8e3dc1af2036,2fb893b97c5d,2026-09-13T09:21:25.834Z,2026-05-13
cmp3gtmk4000pj63f7mxlwf4p,TIER1,HIDE,HUMOR,SHEET,de3593a70b99,PUBLISHED,326a07447594,68b15efc3f04,2026-09-13T11:22:15.190Z,2026-05-13
cmp3lsjx10001lb3f8szr7sz2,TIER2,KEEP_NOINDEX,STORY,SHEET,ec6984d3167d,PUBLISHED,6b8dbf58ffd4,30a5e85f864c,2026-09-12T21:59:16.074Z,2026-05-13
cmp3ltj7w000hlb3f35tj7w49,TIER1,HIDE,HUMOR,SHEET,de3593a70b99,PUBLISHED,5b326ac40346,c66dbc801c7a,2026-09-13T13:49:30.073Z,2026-05-13
cmp3ltv5g000llb3fd87fjeqv,TIER1,HIDE,HUMOR,SHEET,de3593a70b99,PUBLISHED,9cd02b9fd553,e69553fecca3,2026-09-12T20:39:16.585Z,2026-05-13
cmp3lu937000plb3f1l3en8zq,TIER1,HIDE,HUMOR,SHEET,35a07f9558cb,PUBLISHED,6c26c54731c5,caeb206a1476,2026-09-13T06:33:27.131Z,2026-05-13
cmp3luu2r000tlb3fccswhz24,TIER2,KEEP_NOINDEX,HUMOR,SHEET,35a07f9558cb,PUBLISHED,731902d1d13e,4e80549ec35c,2026-09-13T13:49:21.086Z,2026-05-13
cmp3lv7mf000xlb3ft5bv1zdz,TIER2,KEEP_NOINDEX,HUMOR,SHEET,de3593a70b99,PUBLISHED,03e61120277d,d665b0a18477,2026-09-12T12:11:37.499Z,2026-05-13
cmp3o6fup0000l83frk0m167t,TIER2,MANUAL_REVIEW,JOB,BOT,b160bf6ebd12,PUBLISHED,71fb4fe35aef,babd3bc45a43,2026-07-28T21:39:19.700Z,2026-05-13
cmp3vk56r0000hz3fm0ss8kkk,TIER2,MANUAL_REVIEW,JOB,BOT,b160bf6ebd12,PUBLISHED,24a6aeb78fc8,66b16198f503,2026-07-31T17:27:34.305Z,2026-05-13
cmp5gn8vi0000jb3fblnp6p8o,TIER2,MANUAL_REVIEW,JOB,BOT,b160bf6ebd12,PUBLISHED,910605e008dd,e4aa98a783df,2026-09-05T23:05:56.413Z,2026-05-14
cmp6oq02r0002a02ye3i334fq,TIER2,PRESERVE_CANDIDATE,MAGAZINE,BOT,03787c7fb2ee,PUBLISHED,2ae981d141f5,f344da0d6989,2026-09-14T04:11:17.755Z,2026-05-15
cmp6owdvl0006a02yc1yh9j4t,TIER2,PRESERVE_CANDIDATE,MAGAZINE,BOT,03787c7fb2ee,PUBLISHED,5c6c079ff980,2c7b4f4e1f47,2026-09-11T08:46:49.506Z,2026-05-15
cmp6p397m0008a02y49nbfj7f,TIER2,PRESERVE_CANDIDATE,MAGAZINE,BOT,03787c7fb2ee,PUBLISHED,7e2a0ea19d13,17b6ad18451e,2026-09-13T22:51:52.987Z,2026-05-15
cmp6qp0op0000kb3fb110ohgs,TIER2,MANUAL_REVIEW,JOB,BOT,b160bf6ebd12,PUBLISHED,3b30fdbd774f,86d015bfd126,2026-09-12T02:32:21.257Z,2026-05-15
cmp7jwfw30009gb4ep31pq9h6,TIER2,KEEP_NOINDEX,HUMOR,SHEET,de3593a70b99,PUBLISHED,69af50830d5f,ee7347601472,2026-09-13T12:20:37.056Z,2026-05-15
cmp7pekds0002ik2ygd5vntpk,TIER2,PRESERVE_CANDIDATE,MAGAZINE,BOT,03787c7fb2ee,PUBLISHED,b7f171c5add0,72914fec62f4,2026-09-14T03:30:46.835Z,2026-05-16
cmp7plpgh0004ik2y2s8kklin,TIER2,PRESERVE_CANDIDATE,MAGAZINE,BOT,03787c7fb2ee,PUBLISHED,8366b80a6663,7232fefd3968,2026-09-13T07:35:57.129Z,2026-05-16
cmp7vuhm80002eb2y1536uuel,TIER2,PRESERVE_CANDIDATE,MAGAZINE,BOT,03787c7fb2ee,PUBLISHED,306f5cbd4909,ce06693fed36,2026-09-12T01:15:25.193Z,2026-05-16
cmp7w1vbr0005eb2yl5m4n1lr,TIER2,PRESERVE_CANDIDATE,MAGAZINE,BOT,03787c7fb2ee,PUBLISHED,0256fd0a4bb6,dd6a8954271f,2026-09-11T08:46:27.421Z,2026-05-16
cmp7w7yn80007eb2yp25d3y1v,TIER2,PRESERVE_CANDIDATE,MAGAZINE,BOT,03787c7fb2ee,PUBLISHED,55ac3afcd9ec,82b90c772a7b,2026-09-11T08:46:25.732Z,2026-05-16
cmp7y0gjt0009ic4e6grthj6w,TIER2,KEEP_NOINDEX,HUMOR,SHEET,de3593a70b99,PUBLISHED,60af582365c6,833281dbf536,2026-09-12T21:32:16.499Z,2026-05-16
cmp7y1ma6000xic4e9jdayx9q,TIER2,KEEP_NOINDEX,HUMOR,SHEET,de3593a70b99,PUBLISHED,909113334724,0a2946695824,2026-09-12T23:34:57.726Z,2026-05-16
cmp7y353r0000j04e10hqvx42,TIER2,MANUAL_REVIEW,JOB,BOT,b160bf6ebd12,PUBLISHED,6e13cc97c0e3,c2b6cdaf1946,2026-09-09T12:18:48.956Z,2026-05-16
cmp84a0850000ju4es9ng8c7o,TIER2,MANUAL_REVIEW,JOB,BOT,b160bf6ebd12,PUBLISHED,93899167ffc2,92274d090581,2026-09-13T16:12:06.361Z,2026-05-16
cmp8au2j90000gt4eby0s72an,TIER2,MANUAL_REVIEW,JOB,BOT,b160bf6ebd12,PUBLISHED,31cbdd204dd8,ab7a98298e3f,2026-09-13T15:37:56.071Z,2026-05-16
cmp96ucth00025u2yfje9pgd1,TIER2,PRESERVE_CANDIDATE,MAGAZINE,BOT,03787c7fb2ee,PUBLISHED,ca6761bc2174,b8cb18d99d76,2026-09-13T03:16:32.209Z,2026-05-17
cmp9b4mua0002jy2yt0f9er3e,TIER2,PRESERVE_CANDIDATE,MAGAZINE,BOT,03787c7fb2ee,PUBLISHED,3a4352feae07,df5350bfd198,2026-09-13T05:45:09.697Z,2026-05-17
cmp9vlpt90009io4e5a2cyv29,TIER2,KEEP_NOINDEX,HUMOR,SHEET,de3593a70b99,PUBLISHED,84084f60cd59,97311674d3bd,2026-09-12T12:10:58.988Z,2026-05-17
cmp9vm91o000hio4e0bgv7eb1,TIER2,KEEP_NOINDEX,HUMOR,SHEET,de3593a70b99,PUBLISHED,2183745326c3,296fdf4436d1,2026-09-12T12:09:07.200Z,2026-05-17
cmpaevker0005ic4etjddzomw,TIER2,KEEP_NOINDEX,HUMOR,SHEET,de3593a70b99,PUBLISHED,6bdcf6447038,445b32567004,2026-09-12T12:08:11.833Z,2026-05-17
cmpaew0910009ic4e3g0n7s09,TIER1,HIDE,HUMOR,SHEET,de3593a70b99,PUBLISHED,25af25256834,04dd906d54fd,2026-09-12T16:50:49.607Z,2026-05-17
cmpaewkid000dic4e4ezrqwba,TIER2,KEEP_NOINDEX,STORY,SHEET,ec6984d3167d,PUBLISHED,66d3bde1e236,73b551b657a8,2026-09-13T21:35:23.271Z,2026-05-17
cmpamchyn0004qh2ydlk1zpn0,TIER2,PRESERVE_CANDIDATE,MAGAZINE,BOT,03787c7fb2ee,PUBLISHED,48f2e44cc72a,aeea2a5031dd,2026-09-11T08:45:45.510Z,2026-05-18
cmpaqll240002gl2yd91k6wvs,TIER2,PRESERVE_CANDIDATE,MAGAZINE,BOT,03787c7fb2ee,PUBLISHED,11249f6d1146,8dda13e81cb0,2026-09-13T04:03:02.067Z,2026-05-18
cmpaqmu4h0005gl2y34rl9yvh,TIER2,PRESERVE_CANDIDATE,MAGAZINE,BOT,03787c7fb2ee,PUBLISHED,b7d3fae6d51d,9e1de9bd403f,2026-09-12T16:20:06.697Z,2026-05-18
cmpc1q61700029s2yj6h74h3f,TIER2,PRESERVE_CANDIDATE,MAGAZINE,BOT,03787c7fb2ee,PUBLISHED,630d0babf8b1,dd58a33e7ef4,2026-09-11T08:45:39.369Z,2026-05-19
cmpc1rfhm00059s2ypsb4cxnz,TIER2,PRESERVE_CANDIDATE,MAGAZINE,BOT,03787c7fb2ee,PUBLISHED,14fe61dd54f7,3f3c284b3a22,2026-09-12T09:08:11.936Z,2026-05-19
cmpc1sny500079s2yv8spf0gs,TIER2,PRESERVE_CANDIDATE,MAGAZINE,BOT,03787c7fb2ee,PUBLISHED,582893677b61,6a884e01e8c5,2026-09-11T13:59:00.085Z,2026-05-19
cmpc3a5qh0007id4eo2t1go35,TIER2,KEEP_NOINDEX,HUMOR,SHEET,de3593a70b99,PUBLISHED,e5b0ebb6aa13,8fcebff4b551,2026-09-13T14:09:48.201Z,2026-05-19
cmpc3al3u000bid4ezvis1658,TIER2,KEEP_NOINDEX,HUMOR,SHEET,de3593a70b99,PUBLISHED,ccd6d669f688,45ee79df83f9,2026-09-13T23:02:03.131Z,2026-05-19
cmpcsdcwx000hgj4eyf895tgr,TIER1,HIDE,HUMOR,SHEET,de3593a70b99,PUBLISHED,e07c410a90ba,c03b57a7c5c8,2026-09-14T03:06:35.060Z,2026-05-19
cmpewlyuf0002a82y75018uph,TIER2,PRESERVE_CANDIDATE,MAGAZINE,BOT,03787c7fb2ee,PUBLISHED,38ad93119a93,65acbe484ed3,2026-09-11T08:45:27.410Z,2026-05-21
cmpewoitl0004a82y9mjyl0sq,TIER2,PRESERVE_CANDIDATE,MAGAZINE,BOT,03787c7fb2ee,PUBLISHED,415e1953ff40,98b37ab9e574,2026-09-14T00:05:48.963Z,2026-05-21
cmpf0xgqv0002jo2ytqpmw3dt,TIER2,PRESERVE_CANDIDATE,MAGAZINE,BOT,03787c7fb2ee,PUBLISHED,c5c67676e618,16651046c7ba,2026-09-11T08:45:23.575Z,2026-05-21
cmpfdinxh0001id0bko4lnsu9,TIER1,HIDE,LIFE2,SHEET,5a5232ea3dad,PUBLISHED,51c59a1499a5,25526e9105da,2026-09-14T02:31:58.624Z,2026-05-21
cmpfgpe620001ii0bxt34qui3,TIER2,KEEP_NOINDEX,STORY,SHEET,ec6984d3167d,PUBLISHED,4890b9e85905,06f388581fb2,2026-09-13T06:26:47.938Z,2026-05-21
cmpfgppc90005ii0b9uk5gl2j,TIER2,KEEP_NOINDEX,STORY,SHEET,35a07f9558cb,PUBLISHED,40e8401e7810,675d9de759f2,2026-09-12T12:12:29.917Z,2026-05-21
cmpgkfhz30009iq0bwe515lx7,TIER2,KEEP_NOINDEX,HUMOR,SHEET,f228ab33398d,PUBLISHED,43b81ee899b8,873c4debe9ab,2026-09-12T12:10:36.575Z,2026-05-22
cmphriw160002hl2y2vdceal5,TIER2,PRESERVE_CANDIDATE,MAGAZINE,BOT,03787c7fb2ee,PUBLISHED,41d457beafd6,fe03ff516259,2026-09-13T22:49:39.486Z,2026-05-23
cmphvt8sm0002lj2yqkqftclf,TIER2,PRESERVE_CANDIDATE,MAGAZINE,BOT,03787c7fb2ee,PUBLISHED,bc3c49c8fc1e,20f6c5f8a19f,2026-09-12T22:06:26.544Z,2026-05-23
cmpj6ytko0002412y3ebj98g8,TIER2,PRESERVE_CANDIDATE,MAGAZINE,BOT,03787c7fb2ee,PUBLISHED,8f6381d69667,c973d0bbc1a8,2026-09-13T00:49:10.157Z,2026-05-24
cmpjb7svw00024w2y8dehifmz,TIER2,PRESERVE_CANDIDATE,MAGAZINE,BOT,03787c7fb2ee,PUBLISHED,82433ab7848a,8adadb5aa818,2026-09-13T08:44:39.839Z,2026-05-24
cmpjb93rm00044w2ybklm7mzp,TIER2,PRESERVE_CANDIDATE,MAGAZINE,BOT,03787c7fb2ee,PUBLISHED,c20a3976c1e5,2a3cb16c4fb2,2026-09-12T06:22:07.634Z,2026-05-24
cmpjbab8o00074w2yyz711015,TIER2,PRESERVE_CANDIDATE,MAGAZINE,BOT,03787c7fb2ee,PUBLISHED,de7f05ec63d3,dd73e334327c,2026-09-11T08:45:01.355Z,2026-05-24
cmpm3cnz30001ia0bggk37bto,TIER1,HIDE,STORY,SHEET,847f6e4ba811,PUBLISHED,485afa2c02b5,01f337d1c9de,2026-09-12T12:12:11.962Z,2026-05-26
cmpm3dauy0009ia0bext2vmc2,TIER2,KEEP_NOINDEX,HUMOR,SHEET,59df28873da1,PUBLISHED,b7b50dd8a806,942b4e45fc4e,2026-09-13T19:42:34.998Z,2026-05-26
cmpmg5t7i000dm90b5sk5y03j,TIER2,KEEP_NOINDEX,STORY,SHEET,759cf3a85572,PUBLISHED,9ab304d87de6,35596ed4aa8c,2026-09-12T12:12:27.407Z,2026-05-26
cmpnlkjq40002eb2yegknyo9i,TIER2,PRESERVE_CANDIDATE,MAGAZINE,BOT,03787c7fb2ee,PUBLISHED,46b8854c5ed0,a55b8686c0c2,2026-09-13T16:36:14.962Z,2026-05-27
cmpp59n140005ii0blnq3sizc,TIER2,KEEP_NOINDEX,HUMOR,SHEET,59df28873da1,PUBLISHED,769ec28fa0dd,4b468f6b3fb5,2026-09-12T12:10:48.739Z,2026-05-28
cmpqn9gmd000l12287ouyz4j3,TIER2,KEEP_NOINDEX,HUMOR,SHEET,de3593a70b99,PUBLISHED,8ebb40eca583,ecc06155e53f,2026-09-12T12:10:44.692Z,2026-05-29
cmprrp5tk0002uh2y5b1uu5dl,TIER2,PRESERVE_CANDIDATE,MAGAZINE,BOT,03787c7fb2ee,PUBLISHED,eaeed4fa4cc8,2a95fc760262,2026-09-13T16:57:13.295Z,2026-05-30
cmprrvn620004uh2y51w2mcgn,TIER2,PRESERVE_CANDIDATE,MAGAZINE,BOT,03787c7fb2ee,PUBLISHED,15e12823be00,931d51d582d2,2026-09-13T00:09:41.363Z,2026-05-30
cmpt71sx40002ay2yv9svv746,TIER2,PRESERVE_CANDIDATE,MAGAZINE,BOT,03787c7fb2ee,PUBLISHED,ccf6663fc58f,673462675e05,2026-09-14T04:06:43.740Z,2026-05-31
cmptbasgn00026d2yp18dfggc,TIER2,PRESERVE_CANDIDATE,MAGAZINE,BOT,03787c7fb2ee,PUBLISHED,032849fff570,0834ebaaf9aa,2026-09-13T03:58:14.962Z,2026-05-31
cmptbc4on00056d2yxj7v7kry,TIER2,PRESERVE_CANDIDATE,MAGAZINE,BOT,03787c7fb2ee,PUBLISHED,31d878a62fcf,8976d2dbc19e,2026-09-14T02:22:39.853Z,2026-05-31
cmptbdamo00076d2ycszdreni,TIER2,PRESERVE_CANDIDATE,MAGAZINE,BOT,03787c7fb2ee,PUBLISHED,e926c68af11a,6612aa69d8e0,2026-09-14T00:57:46.254Z,2026-05-31
cmpufb2x3000d0t28u02b1me4,TIER2,KEEP_NOINDEX,STORY,SHEET,35a07f9558cb,PUBLISHED,d345987a9ce2,fa5f5df6344e,2026-09-13T18:02:54.618Z,2026-05-31
cmpufbf04000h0t28nsxcinmp,TIER1,HIDE,HUMOR,SHEET,f228ab33398d,PUBLISHED,234f2321bd9d,33601d0840d3,2026-09-14T03:05:17.923Z,2026-05-31
cmpufbu7g000l0t28s6sx16n4,TIER2,KEEP_NOINDEX,HUMOR,SHEET,59df28873da1,PUBLISHED,cdaf58a060e6,64c33dbaebd6,2026-09-13T21:58:22.465Z,2026-05-31
cmpufc3n1000p0t28fx1b6ako,TIER2,KEEP_NOINDEX,HUMOR,SHEET,de3593a70b99,PUBLISHED,6ec0291d2c28,04a713799915,2026-09-12T12:10:49.557Z,2026-05-31
cmpumhpq10002ri2ywwp0aijb,TIER2,PRESERVE_CANDIDATE,MAGAZINE,BOT,03787c7fb2ee,PUBLISHED,8266f9a776f9,5bda31cc2acf,2026-09-14T00:24:42.139Z,2026-06-01
cmpup65lv000hz5284c3s8d8d,TIER1,HIDE,HUMOR,SHEET,59df28873da1,PUBLISHED,6ad56d9b7517,ff259c67f907,2026-09-12T18:21:01.710Z,2026-06-01
cmpup6fcz000lz528asq2vvnz,TIER1,HIDE,HUMOR,SHEET,59df28873da1,PUBLISHED,8b8fd2c5a922,3c0ca71ce646,2026-09-12T12:10:31.496Z,2026-06-01
cmpup6otg000pz528nbmrcxnk,TIER1,HIDE,HUMOR,SHEET,59df28873da1,PUBLISHED,538321822cda,6b550eb45bab,2026-09-12T17:20:44.959Z,2026-06-01
cmpuym0m5000dv5285vay1b2e,TIER2,KEEP_NOINDEX,HUMOR,SHEET,f228ab33398d,PUBLISHED,d03dd669d02d,2eef9f463a58,2026-09-12T21:10:51.779Z,2026-06-01
cmpuymahj000hv528yrz615io,TIER2,KEEP_NOINDEX,HUMOR,SHEET,f228ab33398d,PUBLISHED,5c830280831f,c681b91897a8,2026-09-13T01:14:01.694Z,2026-06-01
cmpv4727n000axu28k6xkudel,TIER2,KEEP_NOINDEX,HUMOR,SHEET,59df28873da1,PUBLISHED,1a0c7f89c223,a26d99d6d53d,2026-09-12T12:10:44.937Z,2026-06-01
cmpvhwq1c00050z28w4boag39,TIER2,KEEP_NOINDEX,STORY,SHEET,35a07f9558cb,PUBLISHED,0871910cc24c,94f855691b9c,2026-09-13T00:34:56.732Z,2026-06-01
cmpvv5qxv0005zk28ktl3xp9c,TIER2,KEEP_NOINDEX,HUMOR,SHEET,59df28873da1,PUBLISHED,e11e8df476be,6264c96cbc2b,2026-09-12T12:11:05.921Z,2026-06-01
cmpvv60x60009zk28g2cq3yvg,TIER2,KEEP_NOINDEX,HUMOR,SHEET,de3593a70b99,PUBLISHED,c6d8b16e1bc7,eef9fbb4fe43,2026-09-12T18:43:37.860Z,2026-06-01
cmpw1w9f300022q2yqjxthv8i,TIER2,PRESERVE_CANDIDATE,MAGAZINE,BOT,03787c7fb2ee,PUBLISHED,bd6f73e4b811,7cb24b95961d,2026-09-13T05:40:51.596Z,2026-06-02
cmpyb0fku0009zg28covtprx7,TIER2,KEEP_NOINDEX,HUMOR,SHEET,59df28873da1,PUBLISHED,02324a4eb43a,5beb94f570fd,2026-09-12T12:10:53.149Z,2026-06-03
cmpyb0u7c000dzg28z1dixni5,TIER2,KEEP_NOINDEX,HUMOR,SHEET,de3593a70b99,PUBLISHED,8f5f0c0c49fc,336eee40137d,2026-09-13T13:51:04.112Z,2026-06-03
cmpyx46uu0002ak2ytat1ze5t,TIER2,PRESERVE_CANDIDATE,MAGAZINE,BOT,03787c7fb2ee,PUBLISHED,95f483226823,1cfae22f9ab0,2026-09-13T21:07:39.314Z,2026-06-04
cmpyxajie0005ak2yp2tnm4q7,TIER2,PRESERVE_CANDIDATE,MAGAZINE,BOT,03787c7fb2ee,PUBLISHED,7b000eba3aba,69055f1126fd,2026-09-13T06:13:21.678Z,2026-06-04
cmpyxhh950008ak2ywkhpx4cv,TIER2,BRAND_COPY_HOLD_REVIEW,MAGAZINE,BOT,03787c7fb2ee,PUBLISHED,f4548cdfe8db,0f49b0700226,2026-09-13T23:57:22.589Z,2026-06-04
cmpz7hfb30000k3283swps6ei,TIER2,BRAND_COPY_HOLD_REVIEW,JOB,BOT,b160bf6ebd12,PUBLISHED,733359c2f61f,0c45078fdd33,2026-09-13T22:32:25.145Z,2026-06-04
cmpzdduen0000ka2898by6rws,TIER2,MANUAL_REVIEW,JOB,BOT,b160bf6ebd12,PUBLISHED,05ce1cb0efe9,5c2182044fdb,2026-09-12T23:49:42.045Z,2026-06-04
cmpzkp7380000l728kav3u7gv,TIER2,MANUAL_REVIEW,JOB,BOT,b160bf6ebd12,PUBLISHED,b2e4132ec1ac,d9fc775bfb4b,2026-09-08T17:23:18.829Z,2026-06-04
cmpzn5t1o0006zd28ag0ly38y,TIER2,KEEP_NOINDEX,HUMOR,SHEET,f228ab33398d,PUBLISHED,b01653edad45,63cf19f3c88f,2026-09-14T02:56:43.391Z,2026-06-04
cmpzn6450000azd285khyi2ls,TIER1,HIDE,HUMOR,SHEET,de3593a70b99,PUBLISHED,708523ff10c9,5bbf73c3bd66,2026-09-13T16:18:06.872Z,2026-06-04
cmq0cd56y0002pt2y5x6e0kvz,TIER2,PRESERVE_CANDIDATE,MAGAZINE,BOT,03787c7fb2ee,PUBLISHED,c310f2767926,cdd604db788c,2026-09-13T12:48:05.191Z,2026-06-05
cmq0cmyvr0004pt2yhrgr7xm4,TIER2,PRESERVE_CANDIDATE,MAGAZINE,BOT,03787c7fb2ee,PUBLISHED,eed2c580a8d8,f06a9eddc9b2,2026-09-11T12:58:08.103Z,2026-06-05
cmq0cund00007pt2yv85srxjx,TIER2,PRESERVE_CANDIDATE,MAGAZINE,BOT,03787c7fb2ee,PUBLISHED,9252e2958346,0cd0c6ba3594,2026-09-12T18:50:25.409Z,2026-06-05
cmq0edhv9000y622yqivmytyf,TIER2,KEEP_NOINDEX,HUMOR,SHEET,35a07f9558cb,PUBLISHED,e14605a142e3,6331f14b6f23,2026-09-13T18:52:01.090Z,2026-06-05
cmq0edsed0012622ymnmgbxft,TIER2,KEEP_NOINDEX,HUMOR,SHEET,35a07f9558cb,PUBLISHED,f769ccf920d5,160f7ad41f32,2026-09-12T23:09:27.463Z,2026-06-05
cmq0edzwp0016622yubjh2llk,TIER2,KEEP_NOINDEX,HUMOR,SHEET,35a07f9558cb,PUBLISHED,2f1ea5dff00d,45d4f2f8056a,2026-09-13T12:59:49.789Z,2026-06-05
cmq0ledvw0000dy28imsg40dt,TIER2,MANUAL_REVIEW,JOB,BOT,b160bf6ebd12,PUBLISHED,bf54756675b6,84d305f1e335,2026-09-08T12:51:07.621Z,2026-06-05
cmq0zrxmv000aqy2ysj9jtcqq,TIER2,KEEP_NOINDEX,HUMOR,SHEET,f228ab33398d,PUBLISHED,0cf6eef8cfec,e4b1a2d7486d,2026-09-14T02:22:22.580Z,2026-06-05
cmq0zwoai0000jf282rqeafzi,TIER2,MANUAL_REVIEW,JOB,BOT,b160bf6ebd12,PUBLISHED,a34fcaa51240,94a6e8f2f822,2026-09-13T15:46:13.574Z,2026-06-05
cmq1ory9b0006ej2yv8515sl4,TIER2,KEEP_NOINDEX,HUMOR,SHEET,35a07f9558cb,PUBLISHED,2b8aae126002,e61647e17b70,2026-09-13T04:55:58.425Z,2026-06-06
cmq1rrrpf0002n02y1s913wzp,TIER2,PRESERVE_CANDIDATE,MAGAZINE,BOT,03787c7fb2ee,PUBLISHED,0cb43159e9bb,d4efc3f89ce0,2026-09-14T00:33:39.340Z,2026-06-06
cmq1t1rvo00050z283u93iq7v,TIER2,KEEP_NOINDEX,HUMOR,SHEET,f228ab33398d,PUBLISHED,f803a1c2ec56,fde0e89c5d1a,2026-09-12T12:10:42.997Z,2026-06-06
cmq1ze6ez0000jk28cu7992at,TIER2,MANUAL_REVIEW,JOB,BOT,b160bf6ebd12,PUBLISHED,63deb42b0476,65cbbbf0f90d,2026-09-08T01:17:21.095Z,2026-06-06
cmq220pvr0002d52ygx7it4lf,TIER2,PRESERVE_CANDIDATE,MAGAZINE,BOT,03787c7fb2ee,PUBLISHED,4e8bd4fbf19e,a5c26a8b4405,2026-09-13T23:55:49.865Z,2026-06-06
cmq225h0t0004d52y3i97i1ey,TIER2,PRESERVE_CANDIDATE,MAGAZINE,BOT,03787c7fb2ee,PUBLISHED,a4cfcde50095,e999ff951c8c,2026-09-13T22:39:08.013Z,2026-06-06
cmq25lqju0000dt287czt9a92,TIER2,MANUAL_REVIEW,JOB,BOT,b160bf6ebd12,PUBLISHED,611c22b5f013,b3c18efce593,2026-09-14T01:05:51.590Z,2026-06-06
cmq2bi9bq0000ju281qub9g50,TIER2,MANUAL_REVIEW,JOB,BOT,b160bf6ebd12,PUBLISHED,c74a6283bcbf,14719b69b01e,2026-09-13T21:11:19.181Z,2026-06-06
cmq2f7j3q00057u2yyhhm0x9m,TIER2,KEEP_NOINDEX,HUMOR,SHEET,f228ab33398d,PUBLISHED,b9c315ec073f,648c0c2701d7,2026-09-12T22:24:37.183Z,2026-06-06
cmq379ptl0002yy2yq3upe2g0,TIER2,PRESERVE_CANDIDATE,MAGAZINE,BOT,03787c7fb2ee,PUBLISHED,ddc6a16326d6,d8a5caf0ca7c,2026-09-13T13:36:20.347Z,2026-06-07
cmq3ekjiw0001c42yufnwt1dp,TIER2,KEEP_NOINDEX,HUMOR,SHEET,35a07f9558cb,PUBLISHED,0c19b2fc8a2c,f741a283465e,2026-09-12T23:03:15.748Z,2026-06-07
cmq3ekxqm0009c42ydau3dnc3,TIER2,KEEP_NOINDEX,HUMOR,SHEET,35a07f9558cb,PUBLISHED,f50f99cc6c2d,2bc5f9910840,2026-09-12T23:17:45.779Z,2026-06-07
cmq3g4hl10000jg28njx9z5kf,TIER2,MANUAL_REVIEW,JOB,BOT,b160bf6ebd12,PUBLISHED,10a953fb2713,675b9440abe4,2026-09-08T12:47:51.197Z,2026-06-07
cmq3mg92g0000lc282t96jl9g,TIER2,MANUAL_REVIEW,JOB,BOT,b160bf6ebd12,PUBLISHED,dc82b3a577ed,057dde6da4e7,2026-09-12T23:54:27.515Z,2026-06-07
cmq4mr7gy00027p2yi7fsajuo,TIER2,PRESERVE_CANDIDATE,MAGAZINE,BOT,03787c7fb2ee,PUBLISHED,1475f5ce637e,f2cdbe8e017f,2026-09-14T03:02:16.826Z,2026-06-08
cmq5z5sy2000pnl2ygcfrdbs7,TIER2,KEEP_NOINDEX,HUMOR,SHEET,f228ab33398d,PUBLISHED,ce62a843d16a,a335f1d265f8,2026-09-13T16:47:55.564Z,2026-06-09
cmq63eus00001xw28dgqtiabe,TIER2,KEEP_NOINDEX,HUMOR,SHEET,f228ab33398d,PUBLISHED,a0ef5e6ae037,48f8b9a0c41a,2026-09-12T13:53:47.740Z,2026-06-09
cmq63f8qc0006xw28lay7qgbc,TIER2,KEEP_NOINDEX,HUMOR,SHEET,59df28873da1,PUBLISHED,88bc524e4275,6d44bac590f7,2026-09-12T22:52:49.622Z,2026-06-09
cmq66gy190002r02yd3wfd787,TIER2,PRESERVE_CANDIDATE,MAGAZINE,BOT,03787c7fb2ee,PUBLISHED,75a7d518e4fa,5cb88d1d0ccc,2026-09-11T08:42:35.294Z,2026-06-09
cmq6p495u0000is28azremru8,TIER2,MANUAL_REVIEW,JOB,BOT,b160bf6ebd12,PUBLISHED,bfafd0f3758b,71dc4962e697,2026-09-11T06:49:31.042Z,2026-06-09
cmq7hksak0002pb2yvndhit18,TIER2,PRESERVE_CANDIDATE,MAGAZINE,BOT,03787c7fb2ee,PUBLISHED,fec97291133b,88b13a0e8f0f,2026-09-13T11:23:41.298Z,2026-06-10
cmq7hsq0j0004pb2yg36pzaps,TIER2,PRESERVE_CANDIDATE,MAGAZINE,BOT,03787c7fb2ee,PUBLISHED,4b034ec611ed,adcf9c92c0ee,2026-09-13T05:03:05.527Z,2026-06-10
cmq7lvi1x0002u32yj0hehhev,TIER2,PRESERVE_CANDIDATE,MAGAZINE,BOT,03787c7fb2ee,PUBLISHED,f2100d734c9a,67bcb2bb3a94,2026-09-13T07:34:53.644Z,2026-06-10
cmq7m5r1l0004u32yimkbgpsp,TIER2,PRESERVE_CANDIDATE,MAGAZINE,BOT,03787c7fb2ee,PUBLISHED,5347df8e7c0c,4aa2da7641c3,2026-09-11T08:42:21.284Z,2026-06-10
cmq7qksbb0000hx0i509osh0t,TIER2,BRAND_COPY_PARTIAL_HOLD_REVIEW,JOB,BOT,b160bf6ebd12,PUBLISHED,ff1a71c08991,92076c008717,2026-09-12T03:56:19.392Z,2026-06-10
cmq8x2nvh00025v2y7p8p8f28,TIER2,PRESERVE_CANDIDATE,MAGAZINE,BOT,03787c7fb2ee,PUBLISHED,c71de03c004a,fddd5e99b893,2026-09-12T15:44:47.752Z,2026-06-11
cmq91c4jj00022p2yjnm9iz5n,TIER2,PRESERVE_CANDIDATE,MAGAZINE,BOT,03787c7fb2ee,PUBLISHED,aca9b2f08d45,17cc9530e84e,2026-09-13T16:38:17.881Z,2026-06-11
cmq91kn8v00042p2y3zt5u6ue,TIER2,PRESERVE_CANDIDATE,MAGAZINE,BOT,03787c7fb2ee,PUBLISHED,a92350bf72fc,1f7bb06800ef,2026-09-13T02:08:00.173Z,2026-06-11
cmq91vbpn00072p2yzbojtsbq,TIER2,PRESERVE_CANDIDATE,MAGAZINE,BOT,03787c7fb2ee,PUBLISHED,6d2833605b7e,b135b048db28,2026-09-14T01:24:54.352Z,2026-06-11
cmq98314y0000kp28hzefldx4,TIER2,MANUAL_REVIEW,JOB,BOT,b160bf6ebd12,PUBLISHED,c0014ae5661d,dca771777f35,2026-06-17T12:56:39.955Z,2026-06-11
cmq9fp59h0000i728gjgjrz0s,TIER2,MANUAL_REVIEW,JOB,BOT,b160bf6ebd12,PUBLISHED,87261a1bdb0e,8e69c9cf53ef,2026-06-18T08:17:54.031Z,2026-06-11
cmq9kh64n000mk72ymxf739ox,TIER2,KEEP_NOINDEX,HUMOR,SHEET,35a07f9558cb,PUBLISHED,e4556001e3a2,00e961073411,2026-09-12T12:10:12.905Z,2026-06-11
cmqagssqj00020x2y86ru8f33,TIER2,PRESERVE_CANDIDATE,MAGAZINE,BOT,03787c7fb2ee,PUBLISHED,91b58400b0ed,7476156d063c,2026-09-14T02:03:32.581Z,2026-06-12
cmqan0zg70000k10itf4582if,TIER2,MANUAL_REVIEW,JOB,BOT,b160bf6ebd12,PUBLISHED,d349b7dbc579,95d1fa9721da,2026-09-14T00:31:11.470Z,2026-06-12
cmqbryyov00022r2yedlwat97,TIER2,PRESERVE_CANDIDATE,MAGAZINE,BOT,03787c7fb2ee,PUBLISHED,8af37a76f349,154f4eb4c8ba,2026-09-13T15:31:01.267Z,2026-06-13
cmqbs841j00052r2y0vfyava1,TIER2,PRESERVE_CANDIDATE,MAGAZINE,BOT,03787c7fb2ee,PUBLISHED,b0e7bde06508,9910fa84806d,2026-09-13T05:27:56.264Z,2026-06-13
cmqbw7bn10002bi2y520ydeg6,TIER2,PRESERVE_CANDIDATE,MAGAZINE,BOT,03787c7fb2ee,PUBLISHED,db6d0b1f634a,312a11b7f03c,2026-09-11T08:41:45.229Z,2026-06-13
cmqcd2lek0000i50iosns7zx6,TIER2,MANUAL_REVIEW,JOB,BOT,b160bf6ebd12,PUBLISHED,27e5b3279bb5,ea49077b8fb1,2026-09-14T00:25:49.470Z,2026-06-13
cmqd7eh1o0002w22yi77jxlsf,TIER2,PRESERVE_CANDIDATE,MAGAZINE,BOT,03787c7fb2ee,PUBLISHED,c7caa5cd0e72,362480f89648,2026-09-13T02:02:20.161Z,2026-06-14
cmqd7lc9q0004w22yw8dku8fs,TIER2,PRESERVE_CANDIDATE,MAGAZINE,BOT,03787c7fb2ee,PUBLISHED,e1cc5c4dbc0e,1d3f8b707844,2026-09-13T19:28:16.877Z,2026-06-14
cmqdnc9hw0000jf0iftvxm66u,TIER2,MANUAL_REVIEW,JOB,BOT,b160bf6ebd12,PUBLISHED,c1a8e4572b6b,e043e3faac35,2026-08-03T23:47:20.757Z,2026-06-14
cmqdsq16y0000kq0izv8gpkgv,TIER2,MANUAL_REVIEW,JOB,BOT,b160bf6ebd12,PUBLISHED,5cf54cd132d7,7a749de8d69f,2026-09-14T00:05:42.521Z,2026-06-14
cmqefqlhn00013d0ig4s9gydr,TIER2,KEEP_NOINDEX,STORY,SHEET,e5ecc39f8414,PUBLISHED,f1b051318963,5d82e20be629,2026-09-13T12:59:05.369Z,2026-06-14
cmqemtvjq0002th2y0i6khjgl,TIER2,PRESERVE_CANDIDATE,MAGAZINE,BOT,03787c7fb2ee,PUBLISHED,dc78c53f733e,b742aae6f371,2026-09-13T09:09:48.052Z,2026-06-15
cmqg2afe60002eu2yfytlr2ii,TIER2,PRESERVE_CANDIDATE,MAGAZINE,BOT,03787c7fb2ee,PUBLISHED,761937e50aee,c433b66b49a7,2026-09-14T02:03:38.781Z,2026-06-16
cmqg2j5090005eu2ym7nfrf0y,TIER2,PRESERVE_CANDIDATE,MAGAZINE,BOT,03787c7fb2ee,PUBLISHED,940757bdb4dd,72f57d40343e,2026-09-12T21:46:32.420Z,2026-06-16
cmqg2pl6s0007eu2ykza39v6a,TIER2,PRESERVE_CANDIDATE,MAGAZINE,BOT,03787c7fb2ee,PUBLISHED,346a8f4c28e1,4c83845df7f9,2026-09-14T02:03:51.721Z,2026-06-16
cmqg4921i000zdg2y0lctyam7,TIER1,HIDE,HUMOR,SHEET,f228ab33398d,PUBLISHED,79c6974876bc,55eb04ef27cd,2026-09-13T07:06:05.991Z,2026-06-16
cmqgeoxd30000mx0ic4rmkjte,TIER2,MANUAL_REVIEW,JOB,BOT,b160bf6ebd12,PUBLISHED,5c3229d781cd,0ad320b81893,2026-09-13T23:29:28.585Z,2026-06-16
cmqgpmwza000iov2ympaf68ox,TIER2,KEEP_NOINDEX,HUMOR,SHEET,35a07f9558cb,PUBLISHED,31643fe7a038,8e8bef973b97,2026-09-12T12:10:11.321Z,2026-06-16
cmqgpn82h000mov2y54ksaygg,TIER2,KEEP_NOINDEX,HUMOR,SHEET,35a07f9558cb,PUBLISHED,5b855cf3bb25,b5ab98896c88,2026-09-12T19:13:07.698Z,2026-06-16
cmqgpnlu2000qov2yzad08f8e,TIER2,KEEP_NOINDEX,HUMOR,SHEET,35a07f9558cb,PUBLISHED,a118f0e91b5b,83f7fd5431da,2026-09-13T13:57:28.432Z,2026-06-16
cmqgu0srv0000ly0imlkfef33,TIER2,MANUAL_REVIEW,JOB,BOT,b160bf6ebd12,PUBLISHED,b95e537f397f,3c6e20c637e5,2026-09-14T00:30:01.573Z,2026-06-16
cmqhen3m3000d2e2ygan605tg,TIER1,HIDE,HUMOR,SHEET,35a07f9558cb,PUBLISHED,0931fb44d473,7d957735b306,2026-09-13T18:18:09.128Z,2026-06-17
cmqhenhmf000h2e2yg09621uo,TIER1,HIDE,HUMOR,SHEET,35a07f9558cb,PUBLISHED,7cd822c31128,4b9622eec24f,2026-09-12T16:37:56.929Z,2026-06-17
cmqhhpz3100021u2yixjdr1hf,TIER2,PRESERVE_CANDIDATE,MAGAZINE,BOT,03787c7fb2ee,PUBLISHED,2fb79f8ce6cb,d1e14881a022,2026-09-13T17:11:55.696Z,2026-06-17
cmqhhxtxc00051u2ydgtcq8fg,TIER2,PRESERVE_CANDIDATE,MAGAZINE,BOT,03787c7fb2ee,PUBLISHED,38f54b8bd09f,3f7095a4f561,2026-09-12T11:36:05.075Z,2026-06-17
cmqhi8exa00081u2y8unnq0is,TIER2,PRESERVE_CANDIDATE,MAGAZINE,BOT,03787c7fb2ee,PUBLISHED,061600f32562,6f14a7292b56,2026-09-12T23:55:54.104Z,2026-06-17
cmqhthmla0000mu0iwqqd47tj,TIER2,MANUAL_REVIEW,JOB,BOT,b160bf6ebd12,PUBLISHED,69f2cfe7a94e,2e25158523a3,2026-09-13T22:55:42.378Z,2026-06-17
cmqi0ord80000mu0i548yjbvu,TIER2,MANUAL_REVIEW,JOB,BOT,b160bf6ebd12,PUBLISHED,70393905322b,48defb8f5335,2026-09-13T00:16:47.905Z,2026-06-17
cmqi64cdw0000n70ixmjxfe7z,TIER2,MANUAL_REVIEW,JOB,BOT,b160bf6ebd12,PUBLISHED,25b8dd45ab51,d3c8e2f8a588,2026-06-28T07:08:47.426Z,2026-06-17
cmqj1f9ul0002il2yn7utvefz,TIER2,PRESERVE_CANDIDATE,MAGAZINE,BOT,03787c7fb2ee,PUBLISHED,90bd90515c53,7f09c80380de,2026-09-13T17:04:10.879Z,2026-06-18
cmqj1o10y0005il2y9wtz8ap5,TIER2,PRESERVE_CANDIDATE,MAGAZINE,BOT,03787c7fb2ee,PUBLISHED,5ff52ccb6fc5,c9c088ff7224,2026-09-13T17:37:51.996Z,2026-06-18
cmqj1xxqn0007il2y8s1b5h5g,TIER2,PRESERVE_CANDIDATE,MAGAZINE,BOT,03787c7fb2ee,PUBLISHED,0d14e4a7518d,10b536ab2d8f,2026-09-13T22:39:08.721Z,2026-06-18
cmqj8awuf0000ng0ij7n9nnd1,TIER2,MANUAL_REVIEW,JOB,BOT,b160bf6ebd12,PUBLISHED,390fff617f03,c32a8c8ff7ef,2026-09-08T17:22:27.430Z,2026-06-18
cmqjla1f70000k10j0c9ftuob,TIER2,MANUAL_REVIEW,JOB,BOT,b160bf6ebd12,PUBLISHED,d868a4004b28,26a3c8b59a79,2026-07-18T13:03:50.856Z,2026-06-18
cmqkgzghg0002em2yol4av9lu,TIER2,PRESERVE_CANDIDATE,MAGAZINE,BOT,03787c7fb2ee,PUBLISHED,ce7d7fe8f357,d9b3fecd8392,2026-09-12T00:09:23.351Z,2026-06-19
cmqkh9bgh0004em2ygr6dqo9h,TIER2,PRESERVE_CANDIDATE,MAGAZINE,BOT,03787c7fb2ee,PUBLISHED,bdd9652e3aac,b85f7735c081,2026-09-12T13:11:57.336Z,2026-06-19
cmqkv0daq0000lr0jbeg4lm5o,TIER2,MANUAL_REVIEW,JOB,BOT,b160bf6ebd12,PUBLISHED,75ed474ef751,3a1e8fa4bda7,2026-09-14T00:17:42.863Z,2026-06-19
cmql0oxjo0000kg0jm5839hht,TIER2,MANUAL_REVIEW,JOB,BOT,b160bf6ebd12,PUBLISHED,4476b33e6a32,a13f327ae9ae,2026-07-30T15:01:40.355Z,2026-06-19
cmqls30d40002nq2yzweu0jfo,TIER2,PRESERVE_CANDIDATE,MAGAZINE,BOT,03787c7fb2ee,PUBLISHED,bd2b57f88bb3,51d597e63c23,2026-09-13T00:14:04.616Z,2026-06-20
cmqlwdmd10002t22ygu13msq9,TIER2,PRESERVE_CANDIDATE,MAGAZINE,BOT,03787c7fb2ee,PUBLISHED,f93c5ae06ffe,27ead6e6cd7b,2026-09-12T00:14:32.295Z,2026-06-20
cmqlwmtp40004t22yo9aqtvg1,TIER2,PRESERVE_CANDIDATE,MAGAZINE,BOT,03787c7fb2ee,PUBLISHED,89561a646851,ec87060180c1,2026-09-13T04:56:45.889Z,2026-06-20
cmqlwvjox0006t22yk22qj0zj,TIER2,PRESERVE_CANDIDATE,MAGAZINE,BOT,03787c7fb2ee,PUBLISHED,ef1a085ef5aa,213da388d270,2026-09-13T04:28:40.068Z,2026-06-20
cmqm0oedj0000k60jfaai1by7,TIER2,MANUAL_REVIEW,JOB,BOT,b160bf6ebd12,PUBLISHED,adea88d1911b,bc6a543607b7,2026-09-14T00:22:53.059Z,2026-06-20
cmqm7apbo0000kt0jf7e66qv5,TIER2,MANUAL_REVIEW,JOB,BOT,b160bf6ebd12,PUBLISHED,f8f1028164a3,145394f4309f,2026-09-14T00:31:24.641Z,2026-06-20
cmqmd7ku20000k10jopopimv7,TIER2,MANUAL_REVIEW,JOB,BOT,b160bf6ebd12,PUBLISHED,4cc8f1019cbc,fdd8cdb20def,2026-09-14T01:06:13.382Z,2026-06-20
cmqmfek7o000hn52yc8f8c9i1,TIER2,KEEP_NOINDEX,HUMOR,SHEET,35a07f9558cb,PUBLISHED,6a223cd5c76f,913972ec6120,2026-09-13T23:40:29.377Z,2026-06-20
cmqn4e8hp000dyj2ydv8rog5l,TIER2,KEEP_NOINDEX,HUMOR,SHEET,35a07f9558cb,PUBLISHED,a8ea24c72fdb,ab1544b58059,2026-09-12T12:09:46.967Z,2026-06-21
cmqn7hkvo0002yo2yatla2bcw,TIER2,PRESERVE_CANDIDATE,MAGAZINE,BOT,03787c7fb2ee,PUBLISHED,76a80c837e75,882ee5e1237f,2026-09-13T13:27:55.408Z,2026-06-21
cmqn7p4zt0005yo2ykznwq9w5,TIER2,PRESERVE_CANDIDATE,MAGAZINE,BOT,03787c7fb2ee,PUBLISHED,60bef91e45de,2c7c699c0385,2026-09-13T09:15:22.352Z,2026-06-21
cmqn7vy8b0007yo2yg1breqx7,TIER2,PRESERVE_CANDIDATE,MAGAZINE,BOT,03787c7fb2ee,PUBLISHED,94082637e378,55948cea521e,2026-09-12T15:44:11.875Z,2026-06-21
cmqni9was0000kk0jeexq7hyb,TIER2,MANUAL_REVIEW,JOB,BOT,b160bf6ebd12,PUBLISHED,8f242747626d,683cfeeed20d,2026-09-14T00:05:49.422Z,2026-06-21
cmqnnvp920000jv0jhvjzehno,TIER2,MANUAL_REVIEW,JOB,BOT,b160bf6ebd12,PUBLISHED,ba7848c2d217,dd79f3441907,2026-09-11T17:36:21.409Z,2026-06-21
cmqntbosz0000e50j7rrr3gnl,TIER2,MANUAL_REVIEW,JOB,BOT,b160bf6ebd12,PUBLISHED,61114d8b3196,7c25bd55368c,2026-07-18T14:50:08.527Z,2026-06-21
cmqomv3vy0002782ygpp6x62p,TIER2,PRESERVE_CANDIDATE,MAGAZINE,BOT,03787c7fb2ee,PUBLISHED,839f1c6c8809,bcd574ff325b,2026-09-13T14:42:26.243Z,2026-06-22
cmqon2bpa0005782y124m4cy8,TIER2,PRESERVE_CANDIDATE,MAGAZINE,BOT,03787c7fb2ee,PUBLISHED,2f5093456817,7d5a0dc20549,2026-09-11T17:08:51.269Z,2026-06-22
cmqoou46g000ex22yfnef68wd,TIER2,KEEP_NOINDEX,HUMOR,SHEET,35a07f9558cb,PUBLISHED,9d756f9bc88e,3b91c2eba765,2026-09-12T17:35:29.882Z,2026-06-22
cmqou7zxa000iqm2ydiweiu1p,TIER2,KEEP_NOINDEX,HUMOR,SHEET,35a07f9558cb,PUBLISHED,362dca5f51bd,ad291e352b8e,2026-09-14T01:49:50.354Z,2026-06-22
cmqou891q000mqm2ynjyxus7l,TIER2,KEEP_NOINDEX,HUMOR,SHEET,35a07f9558cb,PUBLISHED,ce5ee5000da8,e37981025168,2026-09-12T12:09:49.764Z,2026-06-22
cmqp09t790000k10j6bpl4t6l,TIER2,SOURCE_TITLE_ONLY_REVIEW,JOB,BOT,b160bf6ebd12,PUBLISHED,a7a0284da0e9,f03d5230a7c6,2026-08-06T03:04:45.720Z,2026-06-22
cmqpa98xv0005002yxc9deoia,TIER1,HIDE,HUMOR,SHEET,35a07f9558cb,PUBLISHED,4b116ccfa8e4,19ec90cfb99d,2026-09-12T12:10:16.394Z,2026-06-22
cmqpel6cq0000kz0jxo5ywens,TIER2,MANUAL_REVIEW,JOB,BOT,b160bf6ebd12,PUBLISHED,0a806f8aff5b,37251afc4581,2026-09-11T19:41:45.071Z,2026-06-22
cmqpzajfg000hyx2yd4m14vi9,TIER2,KEEP_NOINDEX,HUMOR,SHEET,35a07f9558cb,PUBLISHED,0798f65bc02e,205b894c2cbc,2026-09-14T00:05:03.376Z,2026-06-23
cmqq2gilp0002h22yb2q8goel,TIER2,PRESERVE_CANDIDATE,MAGAZINE,BOT,03787c7fb2ee,PUBLISHED,e84bb358f44c,d77a748bb3fc,2026-09-13T23:27:11.779Z,2026-06-23
cmqq49mpk00062l2ye1b7upmb,TIER2,KEEP_NOINDEX,HUMOR,SHEET,35a07f9558cb,PUBLISHED,c41ad8c292e7,233f71987d87,2026-09-13T16:07:03.051Z,2026-06-23
cmqq6njs30002cb2y1ndnt5v4,TIER2,PRESERVE_CANDIDATE,MAGAZINE,BOT,03787c7fb2ee,PUBLISHED,354339455ff5,f60c5103d65c,2026-09-14T02:47:11.114Z,2026-06-23
cmqrp3qel000uu22ygp3bj42a,TIER2,KEEP_NOINDEX,HUMOR,SHEET,35a07f9558cb,PUBLISHED,8509eed01b5e,e4d8a71414d8,2026-09-12T12:10:19.681Z,2026-06-24
cmqrp4350000yu22y469yp8ra,TIER2,KEEP_NOINDEX,HUMOR,SHEET,35a07f9558cb,PUBLISHED,cc9f5943d9f9,7950f30a68b1,2026-09-12T12:09:53.770Z,2026-06-24
cmqrq0e3d0000is0j1boowobk,TIER2,MANUAL_REVIEW,JOB,BOT,b160bf6ebd12,PUBLISHED,421853e1012f,d2a714b9a734,2026-09-13T05:21:48.078Z,2026-06-24
cmqs40sxj0000k30jc9dru3ia,TIER2,MANUAL_REVIEW,JOB,BOT,b160bf6ebd12,PUBLISHED,a4fafccc1f8b,2357ff7fb71f,2026-08-12T16:46:53.854Z,2026-06-24
cmqs55iak000dk32yo19av8eg,TIER2,KEEP_NOINDEX,HUMOR,SHEET,bf8e30898ab9,PUBLISHED,59a3bacd6fd2,138a8d09dcfb,2026-09-12T12:10:09.404Z,2026-06-24
cmqsu5dhh000apw2y7q76a78d,TIER2,KEEP_NOINDEX,HUMOR,SHEET,43495816cf96,PUBLISHED,a8245c6c0a97,7810eccca4eb,2026-09-13T14:16:02.178Z,2026-06-25
cmqsu5km0000epw2y4drk3tdh,TIER2,KEEP_NOINDEX,HUMOR,SHEET,35a07f9558cb,PUBLISHED,b5e6c009c3f7,24d94dfbe9f2,2026-09-13T10:23:39.374Z,2026-06-25
cmqsvxdou0001v02ywgdn7ybq,TIER1,HIDE,HUMOR,SHEET,35a07f9558cb,PUBLISHED,c9f160e42013,0c6946b510ec,2026-09-13T18:12:16.246Z,2026-06-25
cmqsxarbb0002vy2ya9x353i6,TIER2,PRESERVE_CANDIDATE,MAGAZINE,BOT,03787c7fb2ee,PUBLISHED,71e42e9cadfc,382ea147fbed,2026-09-13T14:18:41.296Z,2026-06-25
cmqt1hzgp0002ty2y1efk4402,TIER2,PRESERVE_CANDIDATE,MAGAZINE,BOT,03787c7fb2ee,PUBLISHED,ef2b9ee4a3ce,82054d24b3e1,2026-09-13T20:13:21.276Z,2026-06-25
cmqtcqzs80000k00jgh56vqt1,TIER2,BRAND_COPY_HOLD_REVIEW,JOB,BOT,b160bf6ebd12,PUBLISHED,e59ab5e1e0c3,ae1804a5781a,2026-07-18T13:49:37.698Z,2026-06-25
cmquco26c00027u2y7zwk6zah,TIER2,PRESERVE_CANDIDATE,MAGAZINE,BOT,03787c7fb2ee,PUBLISHED,aaecf96f91f3,f36320dec409,2026-09-13T15:23:35.949Z,2026-06-26
cmqugy3pp0002dp2ycfzhct6w,TIER2,PRESERVE_CANDIDATE,MAGAZINE,BOT,03787c7fb2ee,PUBLISHED,ccd454a02b96,f05796023e31,2026-09-11T18:10:14.284Z,2026-06-26
cmqush1cz0000k55ngrd5lyqr,TIER2,MANUAL_REVIEW,JOB,BOT,b160bf6ebd12,PUBLISHED,42764f8fcbae,1f7fae4fe88b,2026-09-13T06:17:54.803Z,2026-06-26
cmqvzluu50000k75nx8skcl4y,TIER2,MANUAL_REVIEW,JOB,BOT,b160bf6ebd12,PUBLISHED,72e93a9d5cae,ae900456fcda,2026-09-13T01:51:41.661Z,2026-06-27
cmqwbsgr40000kx5nuqphvbrr,TIER2,MANUAL_REVIEW,JOB,BOT,b160bf6ebd12,PUBLISHED,348dcc0f8144,decf9f09c381,2026-09-13T15:47:46.664Z,2026-06-27
cmqx7k4bu0002882ynad17y5p,TIER2,PRESERVE_CANDIDATE,MAGAZINE,BOT,03787c7fb2ee,PUBLISHED,9778acc4ce4d,f3a8fe3963bf,2026-09-12T11:14:23.121Z,2026-06-28
cmqxbvj2v00026h2y99svn9ha,TIER2,PRESERVE_CANDIDATE,MAGAZINE,BOT,03787c7fb2ee,PUBLISHED,055a1accc0cd,ee83992426c7,2026-09-11T17:50:05.777Z,2026-06-28
cmqxg94wu0000m45nrnwu8ig9,TIER2,MANUAL_REVIEW,JOB,BOT,b160bf6ebd12,PUBLISHED,e6cddfabe04b,a327c756c681,2026-08-20T19:08:24.864Z,2026-06-28
cmqyn3jmr0002nv2yjj1ijjwi,TIER2,PRESERVE_CANDIDATE,MAGAZINE,BOT,03787c7fb2ee,PUBLISHED,f79595b2d81c,7cec1b8e4860,2026-09-14T03:55:47.369Z,2026-06-29
cmqyu962h00012z2yyo34d2fz,TIER2,KEEP_NOINDEX,HUMOR,SHEET,35a07f9558cb,PUBLISHED,5076c9495bbe,4eb9922e2e36,2026-09-13T17:28:12.081Z,2026-06-29
cmqyu9hs300052z2ycrl0k386,TIER1,HIDE,HUMOR,SHEET,35a07f9558cb,PUBLISHED,bb71da8ef0d3,d87c4025387e,2026-09-13T21:22:21.327Z,2026-06-29
cmqyu9yq300092z2yxs55f4p6,TIER2,KEEP_NOINDEX,HUMOR,SHEET,35a07f9558cb,PUBLISHED,b01109f19a54,60b7b6398ea3,2026-09-13T06:45:32.844Z,2026-06-29
cmqyua7y7000d2z2yllfhrnl5,TIER2,KEEP_NOINDEX,HUMOR,SHEET,35a07f9558cb,PUBLISHED,94fc67dbc78d,c8d261378de0,2026-09-13T23:06:26.609Z,2026-06-29
cmqyuafrd000h2z2y7jmdyrcg,TIER1,HIDE,HUMOR,SHEET,59df28873da1,PUBLISHED,2f00592dbc83,9894d36e5044,2026-09-12T12:09:51.702Z,2026-06-29
cmqz6ckw70000ky5nkcknmf2d,TIER2,MANUAL_REVIEW,JOB,BOT,b160bf6ebd12,PUBLISHED,64df454474fe,41afdd1ca277,2026-07-23T11:27:06.528Z,2026-06-29
cmr02ignt0002uy2yl5bmrumq,TIER2,PRESERVE_CANDIDATE,MAGAZINE,BOT,03787c7fb2ee,PUBLISHED,691e7617ef1c,a9ab16c86035,2026-09-13T02:00:03.861Z,2026-06-30
cmr0iiuj00000mm5nzoxrs83i,TIER2,MANUAL_REVIEW,JOB,BOT,b160bf6ebd12,PUBLISHED,51bdf5c97aad,bf1e012d3b99,2026-07-23T17:17:18.735Z,2026-06-30
cmr1i0oxi0002ak2ycsdb5aad,TIER2,PRESERVE_CANDIDATE,MAGAZINE,BOT,03787c7fb2ee,PUBLISHED,35f807051f8d,3e92b814aaec,2026-09-13T04:57:04.721Z,2026-07-01
cmr1m6za50002vg2yq67uu7p1,TIER2,PRESERVE_CANDIDATE,MAGAZINE,BOT,03787c7fb2ee,PUBLISHED,a26f959459fa,72df83ca6f7c,2026-09-14T01:48:36.331Z,2026-07-01
cmr1qxmyv0000l05ndephrei3,TIER2,BRAND_COPY_HOLD_REVIEW,JOB,BOT,b160bf6ebd12,PUBLISHED,b7720112f1a1,5c8016e72909,2026-09-14T00:41:43.243Z,2026-07-01
cmr1vsax0000py25ncqggeiai,TIER2,KEEP_NOINDEX,STORY,SHEET,f9c31824daf6,PUBLISHED,f68b738df458,b984de041185,2026-09-14T04:09:44.001Z,2026-07-01
cmr1vttbg001ny25nhkqgk8ip,TIER2,KEEP_NOINDEX,LIFE2,SHEET,d53b03f2f332,PUBLISHED,a615b17b5b03,6aeec4d3f9d8,2026-09-14T02:32:10.317Z,2026-07-01
cmr1yejzn0000le5n5stygh7t,TIER2,MANUAL_REVIEW,JOB,BOT,b160bf6ebd12,PUBLISHED,40835e721282,20aeff8c08ed,2026-07-25T00:02:00.856Z,2026-07-01
cmr24iynl00002n5nfswqvxcw,TIER2,MANUAL_REVIEW,JOB,BOT,b160bf6ebd12,PUBLISHED,91ed1d3d72f0,5ab59c71e996,2026-09-14T01:10:50.237Z,2026-07-01
cmr259tvu0014zv2ykskyc1iy,TIER2,KEEP_NOINDEX,HUMOR,SHEET,43495816cf96,PUBLISHED,549e7b98fa5c,29ad16f045a7,2026-09-13T13:57:53.978Z,2026-07-01
cmr2xbr6a0002072yrni3bf7m,TIER2,PRESERVE_CANDIDATE,MAGAZINE,BOT,03787c7fb2ee,PUBLISHED,b53f382ed0ab,1cde4d3876be,2026-09-13T08:24:25.737Z,2026-07-02
cmr35b7860000ld5njzqmpvsh,TIER2,MANUAL_REVIEW,JOB,BOT,b160bf6ebd12,PUBLISHED,8e6b0f651ee2,e2b1b9c2be33,2026-09-14T00:48:41.334Z,2026-07-02
cmr4cs7lg00021q2y10htkbjt,TIER2,PRESERVE_CANDIDATE,MAGAZINE,BOT,03787c7fb2ee,PUBLISHED,fa882ab5d0fc,a752b1ad8551,2026-09-11T08:37:41.198Z,2026-07-03
cmr4eperr000ux02y7z0b7ce8,TIER2,KEEP_NOINDEX,HUMOR,SHEET,35a07f9558cb,PUBLISHED,a3fbd5e36345,25bc66238f30,2026-09-13T02:50:29.412Z,2026-07-03
cmr4h47690002ob2y4jeyg3jr,TIER2,PRESERVE_CANDIDATE,MAGAZINE,BOT,03787c7fb2ee,PUBLISHED,ed0ec9f436d3,428bb4767799,2026-09-11T16:05:13.893Z,2026-07-03
cmr4rxsy10000kt3g5w4hy7y2,TIER2,MANUAL_REVIEW,JOB,BOT,b160bf6ebd12,PUBLISHED,99769066755e,534bae13e417,2026-09-13T22:41:04.222Z,2026-07-03
cmr4y8qpu0000l73gjacmecb8,TIER2,MANUAL_REVIEW,JOB,BOT,b160bf6ebd12,PUBLISHED,7579ff67ffc3,1430ba7757f2,2026-09-13T18:41:55.110Z,2026-07-03
cmr505z5r0014mn2yp3io8gde,TIER2,KEEP_NOINDEX,HUMOR,SHEET,35a07f9558cb,PUBLISHED,41c57b5f0eeb,145d26a7c351,2026-09-13T02:50:28.958Z,2026-07-03
cmr5s7obq0002f02y64ou2yq8,TIER2,PRESERVE_CANDIDATE,MAGAZINE,BOT,03787c7fb2ee,PUBLISHED,ed58919fc186,58ed0b5396e7,2026-09-11T08:37:29.288Z,2026-07-04
cmr5whll30002te2yj218bb55,TIER2,OFFICIAL_NAME_ONLY_REVIEW,MAGAZINE,BOT,03787c7fb2ee,PUBLISHED,a1a32afd322f,2b8c5f55258b,2026-09-11T11:53:58.019Z,2026-07-04
cmr5zer9p0000lv3gw4ztz4p5,TIER2,MANUAL_REVIEW,JOB,BOT,b160bf6ebd12,PUBLISHED,55add1221d04,aabd873e65b9,2026-07-27T19:52:23.431Z,2026-07-04
cmr63p9it00013k3go6ba8fv6,TIER2,KEEP_NOINDEX,STORY,SHEET,e5ecc39f8414,PUBLISHED,53e40f7e9165,e5df92361e93,2026-09-12T12:12:14.056Z,2026-07-04
cmr701bmx00053p3gj75l90h2,TIER2,KEEP_NOINDEX,STORY,SHEET,e5ecc39f8414,PUBLISHED,018423bb5bcc,8ab73c407f74,2026-09-13T11:24:22.254Z,2026-07-04
cmr701i5u000a3p3gc68tpnjj,TIER2,KEEP_NOINDEX,HUMOR,SHEET,35a07f9558cb,PUBLISHED,ab5399393ad4,c0dfd45203a4,2026-09-13T02:51:05.920Z,2026-07-04
cmr77meqw0002rf2ylqznq01e,TIER2,PRESERVE_CANDIDATE,MAGAZINE,BOT,03787c7fb2ee,PUBLISHED,5f199b42aedb,f84410574593,2026-09-13T19:01:18.529Z,2026-07-05
cmr78nqes00014b3gkiiaqzcj,TIER1,HIDE,STORY,SHEET,e5ecc39f8414,PUBLISHED,4fc452f3342f,efcffe3f00f9,2026-09-13T08:59:55.476Z,2026-07-05
cmr78nzse00064b3gr4e8w4vu,TIER2,KEEP_NOINDEX,STORY,SHEET,35a07f9558cb,PUBLISHED,0bd085dec895,1dc36e8aa532,2026-09-14T02:41:04.290Z,2026-07-05
cmr7bxd5w0002m22yanpxwh6z,TIER2,PRESERVE_CANDIDATE,MAGAZINE,BOT,03787c7fb2ee,PUBLISHED,53cab54998bd,5082bf3ee038,2026-09-13T16:59:09.836Z,2026-07-05
cmr7ex75o000ffk2yu2pwlm71,TIER2,KEEP_NOINDEX,HUMOR,SHEET,35a07f9558cb,PUBLISHED,0fbc8545d7f8,d08064f1513b,2026-09-13T18:34:54.769Z,2026-07-05
cmr7fiw4b0001423gj3eu7jk2,TIER2,KEEP_NOINDEX,STORY,SHEET,759cf3a85572,PUBLISHED,d615c6332637,e2b4dbfda3a3,2026-09-13T20:31:20.302Z,2026-07-05
cmr7jqy0z0009433gnsmpu154,TIER2,KEEP_NOINDEX,STORY,SHEET,847f6e4ba811,PUBLISHED,576db1116ab7,16df91790bb3,2026-09-12T12:12:22.568Z,2026-07-05
cmr7s6pkj0000i83gzae663tv,TIER2,MANUAL_REVIEW,JOB,BOT,b160bf6ebd12,PUBLISHED,68948568b3a5,87f8143abaa8,2026-09-13T20:31:48.732Z,2026-07-05
cmr7uzf830006ai2y2fmoewm1,TIER1,HIDE,HUMOR,SHEET,35a07f9558cb,PUBLISHED,0551d48b504d,65891522694c,2026-09-14T01:11:04.814Z,2026-07-05
cmr8k0v57000qk62yww8t77xh,TIER2,KEEP_NOINDEX,HUMOR,SHEET,35a07f9558cb,PUBLISHED,efebfe7d4a62,b645dbe9846d,2026-09-13T02:49:31.053Z,2026-07-06
cmr8n2j4d0002rr2yfv2e5m0t,TIER2,PRESERVE_CANDIDATE,MAGAZINE,BOT,03787c7fb2ee,PUBLISHED,8ca9a1df7e17,7d4fadaf5218,2026-09-12T18:19:17.298Z,2026-07-06
cmr8ocdwd00013i3gr5h6as5v,TIER2,KEEP_NOINDEX,STORY,SHEET,759cf3a85572,PUBLISHED,2f9a4ddffc72,8731e7b330ab,2026-09-13T23:05:41.179Z,2026-07-06
cmr8oczcx000a3i3gt69bjiht,TIER2,KEEP_NOINDEX,STORY,SHEET,847f6e4ba811,PUBLISHED,f8d2e6d4bc41,56343994a74c,2026-09-13T12:00:16.692Z,2026-07-06
cmr8ozuig0009f72ym760rtkv,TIER2,KEEP_NOINDEX,HUMOR,SHEET,35a07f9558cb,PUBLISHED,8f4f39bc9d05,6f7ce102f9c8,2026-09-13T02:49:31.270Z,2026-07-06
cmr8rdl4u00021v2ytaryrlwf,TIER2,PRESERVE_CANDIDATE,MAGAZINE,BOT,03787c7fb2ee,PUBLISHED,df2341a5a1e9,db605bb27fce,2026-09-13T14:18:35.300Z,2026-07-06
cmr8w7o850000ky3gr8ftn4wj,TIER2,MANUAL_REVIEW,JOB,BOT,b160bf6ebd12,PUBLISHED,5466922cfc1b,83528772786e,2026-09-14T00:17:48.279Z,2026-07-06
cmr91yq830005483go7x91pgq,TIER2,KEEP_NOINDEX,STORY,SHEET,35a07f9558cb,PUBLISHED,c923009afd29,e2bd800717ae,2026-09-12T12:12:23.039Z,2026-07-06
cmr9aildu001yhm2yb8s63bpq,TIER2,KEEP_NOINDEX,HUMOR,SHEET,35a07f9558cb,PUBLISHED,9abf428c6eb7,6d42195bdecd,2026-09-13T03:20:52.832Z,2026-07-06
cmra2k1nk0002nr2ym1n6o73w,TIER2,PRESERVE_CANDIDATE,MAGAZINE,BOT,03787c7fb2ee,PUBLISHED,8fce69aa5334,842f12d65cb4,2026-09-13T02:51:27.196Z,2026-07-07
cmra4gc1v000iwi2ybehoq7ql,TIER2,KEEP_NOINDEX,HUMOR,SHEET,35a07f9558cb,PUBLISHED,cab5424b04ac,050fc3187c5a,2026-09-13T11:45:23.048Z,2026-07-07
cmra4i0qz001ewi2y0y8xltma,TIER2,KEEP_NOINDEX,HUMOR,SHEET,43495816cf96,PUBLISHED,dcd59ebaed81,581918557165,2026-09-13T03:20:52.759Z,2026-07-07
cmra9tqg9000nye2y6gja2z2i,TIER2,KEEP_NOINDEX,HUMOR,SHEET,35a07f9558cb,PUBLISHED,7bff8faa6432,699453eb0947,2026-09-13T09:10:31.719Z,2026-07-07
cmraaot840000lg3gzlvnqvgr,TIER2,MANUAL_REVIEW,JOB,BOT,b160bf6ebd12,PUBLISHED,2f5559e005f4,359d30f17112,2026-09-14T01:05:29.537Z,2026-07-07
cmracgur60006cc2y0s3vnxnb,TIER1,HIDE,HUMOR,SHEET,a04f6ae6274d,PUBLISHED,447148033b88,fa6bda50233e,2026-09-12T15:47:23.425Z,2026-07-07
cmrag96nu000l423gikkxvujc,TIER1,HIDE,STORY,SHEET,655717b1daf8,PUBLISHED,a26b909c429c,ba3c74d988de,2026-09-12T12:12:14.437Z,2026-07-07
cmraga1ll0010423g1286w04m,TIER2,KEEP_NOINDEX,STORY,SHEET,9bd11cde93e5,PUBLISHED,1940ab7485e9,3bdd0ff5c94f,2026-09-13T12:27:40.259Z,2026-07-07
cmraixmg4000ww42ygl5w70ps,TIER2,KEEP_NOINDEX,HUMOR,SHEET,1aea8eeb78a9,PUBLISHED,e988aa3f0ddb,0b03150f8274,2026-09-13T03:20:51.254Z,2026-07-07
cmrbhyyxh0002302y2d75xdgz,TIER2,PRESERVE_CANDIDATE,MAGAZINE,BOT,03787c7fb2ee,PUBLISHED,47b6c84004bf,2fde11c29cda,2026-09-13T14:30:52.203Z,2026-07-08
cmrbjwat7000nld2ye21y7imv,TIER2,KEEP_NOINDEX,HUMOR,SHEET,f228ab33398d,PUBLISHED,208ffe7ae708,76112201cb24,2026-09-13T03:20:51.137Z,2026-07-08
cmrbp9chp000rnp2yhxgzoctv,TIER2,KEEP_NOINDEX,HUMOR,SHEET,de3593a70b99,PUBLISHED,30628b11106e,3503ffd1a9ef,2026-09-14T01:21:25.730Z,2026-07-08
cmrbwuwlq0001223gvyaash8a,TIER1,HIDE,STORY,SHEET,9e9aebefe615,PUBLISHED,786a3515c498,79abe42ab3bd,2026-09-12T12:11:04.089Z,2026-07-08
cmrc5n60s0005023g62ieyfx0,TIER2,KEEP_NOINDEX,STORY,SHEET,7fa76bbd53ac,PUBLISHED,9741f662ae64,c7751d35367e,2026-09-13T17:05:25.795Z,2026-07-08
cmrcxe9vm0002v52y8g8ytizw,TIER2,PRESERVE_CANDIDATE,MAGAZINE,BOT,03787c7fb2ee,PUBLISHED,8b394d18bb93,e0a10395918c,2026-09-13T19:02:32.545Z,2026-07-09
cmrcy5x9c000l1x3gw0anmwki,TIER2,KEEP_NOINDEX,HUMOR,SHEET,a04f6ae6274d,PUBLISHED,2eab7c80d11d,4dcd05ed5338,2026-09-12T18:58:17.468Z,2026-07-09
cmrd1oyee0002r12yo4vc0xtm,TIER2,PRESERVE_CANDIDATE,MAGAZINE,BOT,03787c7fb2ee,PUBLISHED,732b756be2f8,84df584a9e94,2026-09-13T17:03:48.221Z,2026-07-09
cmrd5iubn0000f03glqwddoi3,TIER2,MANUAL_REVIEW,JOB,BOT,b160bf6ebd12,PUBLISHED,467b39fe9846,4d7a765bc2d2,2026-09-13T23:52:41.030Z,2026-07-09
cmrd85qkm00053v2c5c8q1tck,TIER1,HIDE,STORY,SHEET,a679d4534d98,PUBLISHED,b72329f59814,63a189a84f3b,2026-09-13T21:20:08.366Z,2026-07-09
cmrdb6jgr000l402ca21tz0a8,TIER1,HIDE,LIFE2,SHEET,69e105f5d988,PUBLISHED,f6ccd3595c8a,9016e8d3b898,2026-09-13T11:57:00.171Z,2026-07-09
cmrdddvsi0000lg3gexjqj9rt,TIER2,MANUAL_REVIEW,JOB,BOT,b160bf6ebd12,PUBLISHED,74138cd8d158,3e3142040253,2026-09-07T00:10:31.745Z,2026-07-09
cmrddwcvl00013j2cy1jc9lz2,TIER1,HIDE,STORY,SHEET,4fe60a149d66,PUBLISHED,6122b8ab470d,256ac131048e,2026-09-12T12:10:53.357Z,2026-07-09
cmrdkjrz50000jp2ckvzlksdh,TIER2,MANUAL_REVIEW,JOB,BOT,b160bf6ebd12,PUBLISHED,e913e500558b,bb5979b5d45f,2026-09-14T00:42:03.372Z,2026-07-09
cmrecvgqi0002c92y3mzyys54,TIER2,PRESERVE_CANDIDATE,MAGAZINE,BOT,03787c7fb2ee,PUBLISHED,c0405733c0c4,d3fa227cdc19,2026-09-13T11:42:02.456Z,2026-07-10
cmredoc1r00013m2cac9s4m58,TIER2,KEEP_NOINDEX,STORY,SHEET,52d4bb55d0fb,PUBLISHED,11e5724f6d3c,b11af4cab8c4,2026-09-14T03:13:37.331Z,2026-07-10
cmrfsbact0003cg2yirix2wb0,TIER2,PRESERVE_CANDIDATE,MAGAZINE,BOT,03787c7fb2ee,PUBLISHED,2b0370c315ce,2c736f6bdef7,2026-09-11T08:35:27.050Z,2026-07-11
cmrfsl2290006cg2y2qam7egy,TIER2,PRESERVE_CANDIDATE,MAGAZINE,BOT,03787c7fb2ee,PUBLISHED,5ed599b1663b,fcc745e8529f,2026-09-13T00:14:23.299Z,2026-07-11
cmrfsu7vv0008cg2ybwt3of0m,TIER2,PRESERVE_CANDIDATE,MAGAZINE,BOT,03787c7fb2ee,PUBLISHED,4d6561c80de3,43cc583a7bf2,2026-09-13T21:57:51.324Z,2026-07-11
cmrg4vfuz0000kk2c3v5aba4h,TIER2,MANUAL_REVIEW,JOB,BOT,b160bf6ebd12,PUBLISHED,39010422108d,e464738fa050,2026-09-13T23:54:53.116Z,2026-07-11
cmrg8o676000ldl2yifap0ngc,TIER2,KEEP_NOINDEX,HUMOR,SHEET,de3593a70b99,PUBLISHED,93e9f6a528c1,b22e9937b550,2026-09-12T12:08:38.897Z,2026-07-11
cmrge8atd000c1o2cikc23x53,TIER2,KEEP_NOINDEX,STORY,SHEET,636948a98f58,PUBLISHED,596afdf9400c,e328da86bb9d,2026-09-12T12:09:23.878Z,2026-07-11
cmrh7pq570003q52yuupojp3j,TIER2,PRESERVE_CANDIDATE,MAGAZINE,BOT,03787c7fb2ee,PUBLISHED,52ca847cf10b,ed054e9b563f,2026-09-13T01:41:06.311Z,2026-07-12
cmrh7wlge0005q52y04lh5k60,TIER2,PRESERVE_CANDIDATE,MAGAZINE,BOT,03787c7fb2ee,PUBLISHED,d8b5a8d2f97d,518f905fbad1,2026-09-11T08:35:05.050Z,2026-07-12
cmrh843640008q52yqbwegv8t,TIER2,PRESERVE_CANDIDATE,MAGAZINE,BOT,03787c7fb2ee,PUBLISHED,22ab2e0a3ea7,205a53fdfee1,2026-09-13T08:35:12.421Z,2026-07-12
cmrhectuq0000kc2c5g004f6q,TIER2,MANUAL_REVIEW,JOB,BOT,b160bf6ebd12,PUBLISHED,d658544d0390,747020681e57,2026-09-13T16:06:03.987Z,2026-07-12
cmrhr2c6b0000ih2c5sarxc6i,TIER2,MANUAL_REVIEW,JOB,BOT,b160bf6ebd12,PUBLISHED,69352370e59d,df74f8786b9d,2026-09-14T00:25:42.018Z,2026-07-12
cmrin5mhm0003ph2y02vmq73c,TIER2,PRESERVE_CANDIDATE,MAGAZINE,BOT,03787c7fb2ee,PUBLISHED,07a0b48fa01f,a3f726b9e5c8,2026-09-13T11:24:33.979Z,2026-07-13
cmrinfslo0006ph2y5h2syt8v,TIER2,PRESERVE_CANDIDATE,MAGAZINE,BOT,03787c7fb2ee,PUBLISHED,3fbd4a70ced5,b2b521a86444,2026-09-12T20:31:48.577Z,2026-07-13
cmrip32ks000e0j2ynokvid4b,TIER2,KEEP_NOINDEX,HUMOR,SHEET,1aea8eeb78a9,PUBLISHED,de87c9cc0087,e00f894532d2,2026-09-12T23:13:36.257Z,2026-07-13
cmriribig0002wx2yfr6yt6co,TIER2,PRESERVE_CANDIDATE,MAGAZINE,BOT,03787c7fb2ee,PUBLISHED,38404e7b89ab,eb27945e347c,2026-09-11T08:34:49.063Z,2026-07-13
cmriznlf200094b2cbtbukk7c,TIER1,HIDE,STORY,SHEET,f5d22217e018,PUBLISHED,3965ce2e75cf,76c176b40c4e,2026-09-12T12:10:40.487Z,2026-07-13
cmriznri6000e4b2cu4um77nq,TIER1,HIDE,HUMOR,SHEET,5c24e06bd5de,PUBLISHED,256b19ce8323,6ddb4d1a480c,2026-09-12T12:08:13.975Z,2026-07-13
cmrj9fisr0000k32crn87xib1,TIER2,MANUAL_REVIEW,JOB,BOT,b160bf6ebd12,PUBLISHED,0dc30a8692e4,2db747d1bfc5,2026-09-13T16:07:40.927Z,2026-07-13
cmrjzkk84000zxb2yi3zmlhp8,TIER2,KEEP_NOINDEX,HUMOR,SHEET,de3593a70b99,PUBLISHED,bdbeb5d6937b,8da16fdc0193,2026-09-14T02:16:06.353Z,2026-07-14
cmrk2mne600031y2yfuy2om1r,TIER2,PRESERVE_CANDIDATE,MAGAZINE,BOT,03787c7fb2ee,PUBLISHED,2676f8831a12,d6b1f696e2c3,2026-09-13T07:53:23.236Z,2026-07-14
cmrk2w3x900051y2yc4b5eu0x,TIER2,PRESERVE_CANDIDATE,MAGAZINE,BOT,03787c7fb2ee,PUBLISHED,35dfeafd51ef,6e4bffb5dee2,2026-09-14T01:56:37.684Z,2026-07-14
cmrk3652700071y2yvwienzc8,TIER2,PRESERVE_CANDIDATE,MAGAZINE,BOT,03787c7fb2ee,PUBLISHED,a792fe96f61f,e49b7ccf539f,2026-09-12T20:17:02.821Z,2026-07-14
cmrk82oy80000md2cnnbb64rb,TIER2,MANUAL_REVIEW,JOB,BOT,b160bf6ebd12,PUBLISHED,8bbc8d2b8b17,74a7e42fc50a,2026-09-14T01:07:12.597Z,2026-07-14
cmrkjximq0005272cv36roka4,TIER1,HIDE,STORY,SHEET,ec6984d3167d,PUBLISHED,d8e85d734ced,464367688e1a,2026-09-13T14:37:27.408Z,2026-07-14
cmrkjxqn8000a272cf38x8vs8,TIER1,HIDE,STORY,SHEET,bf8e30898ab9,PUBLISHED,ca6dbfe3176e,16ba9098dd70,2026-09-14T02:15:40.463Z,2026-07-14
cmrkmhard0000ij2clk990eaf,TIER2,MANUAL_REVIEW,JOB,BOT,b160bf6ebd12,PUBLISHED,3ee5f739341f,d2ee71ab9b40,2026-09-14T00:22:34.239Z,2026-07-14
cmrlez9lj000u872yvb3xkahz,TIER2,KEEP_NOINDEX,HUMOR,SHEET,1aea8eeb78a9,PUBLISHED,03e44a99f58a,2ebc28d07d96,2026-09-14T02:16:06.882Z,2026-07-15
cmrli21fn0003vd2yjw8tbvj7,TIER2,PRESERVE_CANDIDATE,MAGAZINE,BOT,03787c7fb2ee,PUBLISHED,50d8d89d55de,3a8fd4859b31,2026-09-13T07:42:30.513Z,2026-07-15
cmrliiqqv0005vd2y38yi3q32,TIER2,PRESERVE_CANDIDATE,MAGAZINE,BOT,03787c7fb2ee,PUBLISHED,bf3645a4f399,c38af1cfc7b6,2026-09-13T10:08:38.944Z,2026-07-15
cmrlmbvng0003t92yiixxj1tu,TIER2,PRESERVE_CANDIDATE,MAGAZINE,BOT,03787c7fb2ee,PUBLISHED,460318db1b3c,015c1c9472e1,2026-09-13T14:22:17.186Z,2026-07-15
cmrlmkmlr0006t92yyl0ik7er,TIER2,PRESERVE_CANDIDATE,MAGAZINE,BOT,03787c7fb2ee,PUBLISHED,db894133f7ed,50fd99befbc3,2026-09-13T13:22:21.943Z,2026-07-15
cmrlqdsrc00012g2caa98fg1a,TIER1,HIDE,STORY,SHEET,503dcefc1f00,PUBLISHED,5b8c68a8215f,f231e52ab86f,2026-09-13T06:16:26.165Z,2026-07-15
cmrlsdawc000d422c58ht0yv1,TIER1,HIDE,STORY,SHEET,52d4bb55d0fb,PUBLISHED,4b7da06f0396,3754cdb5e14f,2026-09-12T12:11:02.903Z,2026-07-15
cmrlvf4sq0004l92ctjogcqcs,TIER2,MANUAL_REVIEW,JOB,BOT,b160bf6ebd12,PUBLISHED,c1a2eb7ff641,c5a8b82da0f1,2026-09-13T22:41:29.968Z,2026-07-15
cmrm2knft0004o22c8kaxrsa2,TIER2,MANUAL_REVIEW,JOB,BOT,b160bf6ebd12,PUBLISHED,978cfee023c6,c523b792f0a2,2026-09-13T21:11:38.078Z,2026-07-15
cmrmps7qp00013m1m5dpi3ivm,TIER2,KEEP_NOINDEX,STORY,SHEET,9a8146aeb2d3,PUBLISHED,01b97a60c74a,e0d210d5f718,2026-09-12T12:10:50.917Z,2026-07-15
cmrmwn3i600013j2cggj7exu2,TIER2,KEEP_NOINDEX,STORY,SHEET,31c0fc53dec7,PUBLISHED,881adfe07cc1,facf5f866771,2026-09-13T11:41:34.257Z,2026-07-16
cmrmwnci600063j2ciawgczpr,TIER2,KEEP_NOINDEX,STORY,SHEET,52d4bb55d0fb,PUBLISHED,85568a68137f,9839d6362b6a,2026-09-12T12:10:55.581Z,2026-07-16
cmrmxhcsn0004q22yzp6v6tzu,TIER2,PRESERVE_CANDIDATE,MAGAZINE,BOT,03787c7fb2ee,PUBLISHED,a568e91bd5ca,28b6cd75c83a,2026-09-13T20:23:48.315Z,2026-07-16
cmrmxqf440008q22y3q9zzs66,TIER2,PRESERVE_CANDIDATE,MAGAZINE,BOT,03787c7fb2ee,PUBLISHED,4c2d09a9efd0,4986763f739e,2026-09-13T03:08:19.741Z,2026-07-16
cmrmxxkzd000bq22y9fdfktis,TIER2,PRESERVE_CANDIDATE,MAGAZINE,BOT,03787c7fb2ee,PUBLISHED,f7fee0c943db,f4c8bf52a968,2026-09-14T00:20:16.981Z,2026-07-16
cmrndv96q000b7h2yndeg8zg2,TIER2,KEEP_NOINDEX,HUMOR,SHEET,de3593a70b99,PUBLISHED,965aad2cc9bf,440b3b71ea2a,2026-09-14T02:16:18.042Z,2026-07-16
cmroc6jql00053n1mxap06zmj,TIER2,KEEP_NOINDEX,STORY,SHEET,5b579e39126b,PUBLISHED,3932271f931c,f3db8fb5ebf2,2026-09-13T02:14:59.539Z,2026-07-17
cmroc70t5000i3n1matzqp6tm,TIER2,KEEP_NOINDEX,STORY,SHEET,8bd01e6b25d3,PUBLISHED,5c67ee57ed2b,82554c0293fc,2026-09-12T12:09:16.417Z,2026-07-17
cmroc7ssi000y3n1m9bq2jnx0,TIER2,KEEP_NOINDEX,STORY,SHEET,636948a98f58,PUBLISHED,a89b156af45b,625d60c7f584,2026-09-14T03:09:40.803Z,2026-07-17
cmrod0dnd00058q2ymk8capyz,TIER2,PRESERVE_CANDIDATE,MAGAZINE,BOT,03787c7fb2ee,PUBLISHED,ece3cb0b2c58,e45cf342d9db,2026-09-13T19:49:35.705Z,2026-07-17
cmrod9mcx00088q2y65a1blst,TIER2,PRESERVE_CANDIDATE,MAGAZINE,BOT,03787c7fb2ee,PUBLISHED,8583e43d10a7,d30d45d5ef2b,2026-09-14T01:43:32.080Z,2026-07-17
cmrohavfd0004a62ylwvcnms5,TIER2,PRESERVE_CANDIDATE,MAGAZINE,BOT,03787c7fb2ee,PUBLISHED,3c7590ccf178,8ed5c20aec68,2026-09-14T01:43:31.902Z,2026-07-17
cmrohjsec0007a62yjhuhfws7,TIER2,PRESERVE_CANDIDATE,MAGAZINE,BOT,03787c7fb2ee,PUBLISHED,d3a8c9cf4aa1,6d2d91da1476,2026-09-14T01:43:32.017Z,2026-07-17
cmroqb2vg0004ig1mdkc0f4w2,TIER2,MANUAL_REVIEW,JOB,BOT,b160bf6ebd12,PUBLISHED,f3bc557a5336,bc244893cf68,2026-09-13T23:55:30.302Z,2026-07-17
cmrowpq1h0004kn1ml8hjbeft,TIER2,MANUAL_REVIEW,JOB,BOT,b160bf6ebd12,PUBLISHED,f82c812ea8db,59d605763d1e,2026-09-14T00:04:49.455Z,2026-07-17
cmrpsb5yu0004gv2y2os9iet3,TIER2,PRESERVE_CANDIDATE,MAGAZINE,BOT,03787c7fb2ee,PUBLISHED,de7b0bb7ab85,d8906e255129,2026-09-14T01:43:31.878Z,2026-07-18
cmrpsiaz70008gv2yuoad9f3m,TIER2,PRESERVE_CANDIDATE,MAGAZINE,BOT,03787c7fb2ee,PUBLISHED,b0f23dc8503c,6ec6d2768bb7,2026-09-14T01:43:30.019Z,2026-07-18
cmrpstw0h000bgv2yiac4r29o,TIER2,PRESERVE_CANDIDATE,MAGAZINE,BOT,03787c7fb2ee,PUBLISHED,2b78e49d1866,ee5509c9dc17,2026-09-14T01:43:29.787Z,2026-07-18
cmrqdwpgc0001ps2y8064ha80,TIER2,KEEP_NOINDEX,HUMOR,SHEET,f228ab33398d,PUBLISHED,908b53d28dba,ae094120c423,2026-09-14T02:16:17.804Z,2026-07-18
cmrqe6q75000f3v1ml20qhd4z,TIER2,KEEP_NOINDEX,STORY,SHEET,70490f43ea58,PUBLISHED,1a0d8c16c039,b3cafd4aebfa,2026-09-12T12:11:01.366Z,2026-07-18
cmrr79ifh00050b1m2tjbe84p,TIER2,KEEP_NOINDEX,STORY,SHEET,528aa0136f2d,PUBLISHED,c5168f8e9780,33d9487dcea8,2026-09-12T12:09:11.778Z,2026-07-19
cmrr7qlr20004462yypuu9821,TIER2,PRESERVE_CANDIDATE,MAGAZINE,BOT,03787c7fb2ee,PUBLISHED,27b9b8b47e9d,b7d4a0911f48,2026-09-14T01:43:29.087Z,2026-07-19
cmrr7wqkv0008462y8ifw5kjt,TIER2,PRESERVE_CANDIDATE,MAGAZINE,BOT,03787c7fb2ee,PUBLISHED,30e3c40e716d,2d4198f494cb,2026-09-14T01:43:28.895Z,2026-07-19
cmrr83fgp000b462ypjeo23cm,TIER2,PRESERVE_CANDIDATE,MAGAZINE,BOT,03787c7fb2ee,PUBLISHED,c066d3d91bc1,b4ac2c8ab6c0,2026-09-14T01:43:16.394Z,2026-07-19
cmrre9bjq0004k31mtoe3flge,TIER2,MANUAL_REVIEW,JOB,BOT,b160bf6ebd12,PUBLISHED,175b7bad8b75,af8ad5035f4e,2026-09-13T23:28:51.062Z,2026-07-19
cmrsn7u7j0004vx2yqlwzqaqc,TIER2,PRESERVE_CANDIDATE,MAGAZINE,BOT,03787c7fb2ee,PUBLISHED,3eed954efc1b,c2dfa88199cf,2026-09-14T01:43:16.131Z,2026-07-20
cmrsnh4p30008vx2yofubodfw,TIER2,PRESERVE_CANDIDATE,MAGAZINE,BOT,03787c7fb2ee,PUBLISHED,eb5db12b6fa6,2361cda8fb3a,2026-09-14T01:43:16.509Z,2026-07-20
cmrsx86it00053i1mop5g7irq,TIER1,HIDE,STORY,SHEET,bcceb5031d08,PUBLISHED,b6b1ddb0cdc5,62077a293abe,2026-09-13T09:19:55.109Z,2026-07-20
cmrt91da20004gu1mvfgscv12,TIER2,MANUAL_REVIEW,JOB,BOT,b160bf6ebd12,PUBLISHED,87c265ad2c30,a70b645dec60,2026-09-13T15:43:58.976Z,2026-07-20
cmru6xvam00032d2yhkxkc7nd,TIER2,PRESERVE_CANDIDATE,MAGAZINE,BOT,03787c7fb2ee,PUBLISHED,03f386382add,2e8681ff7e02,2026-09-14T01:43:16.634Z,2026-07-21
cmru8rdbx00050s1mp6yhzaeg,TIER2,KEEP_NOINDEX,STORY,SHEET,5eef8e66202b,PUBLISHED,82ba8ddc12e5,87363ff27815,2026-09-14T03:09:21.322Z,2026-07-21
cmrugo66m0004ks1mfzg8fjmd,TIER2,MANUAL_REVIEW,JOB,BOT,b160bf6ebd12,PUBLISHED,96c305c9ec0a,f3e7535e79e1,2026-09-13T20:43:16.767Z,2026-07-21
cmrvi34jj0004832ysj4oyfa5,TIER2,PRESERVE_CANDIDATE,MAGAZINE,BOT,03787c7fb2ee,PUBLISHED,c33a762da471,302476dbaad5,2026-09-14T02:10:23.235Z,2026-07-22
cmrvldqv30001201mdft2rrs3,TIER2,KEEP_NOINDEX,STORY,SHEET,bc77c58b377d,PUBLISHED,fe7aaa9f63c3,7e97b40b88f9,2026-09-14T00:11:00.403Z,2026-07-22
cmrvmf3e90003dy2yv0k6xo0e,TIER2,PRESERVE_CANDIDATE,MAGAZINE,BOT,03787c7fb2ee,PUBLISHED,c468504e91a9,e9ab01f9ed86,2026-09-14T02:10:23.258Z,2026-07-22
cmrwpw6pg00092f1mcn7hu3sv,TIER2,KEEP_NOINDEX,STORY,SHEET,9a8146aeb2d3,PUBLISHED,a590f441f89c,b97de674e6a8,2026-09-12T12:10:05.989Z,2026-07-22
cmrwxj5c900042c2yip97n8d1,TIER2,PRESERVE_CANDIDATE,MAGAZINE,BOT,03787c7fb2ee,PUBLISHED,4f42cd218310,8142bf82b353,2026-09-14T02:10:22.677Z,2026-07-23
cmrx1tbv80003q62yqzmo6u8n,TIER2,OFFICIAL_NAME_ONLY_REVIEW,MAGAZINE,BOT,03787c7fb2ee,PUBLISHED,c7348f144ac2,a98c6404e48c,2026-09-14T02:10:22.731Z,2026-07-23
cmrx6kgix000e2s1m2wmmx0ie,TIER1,HIDE,STORY,SHEET,759cf3a85572,PUBLISHED,d5b9463c88e9,e4bd8a1ffeb8,2026-09-12T12:09:46.857Z,2026-07-23
cmrxbg0rf0004j34sbw8j9tcm,TIER2,MANUAL_REVIEW,JOB,BOT,b160bf6ebd12,PUBLISHED,0693ffb8f484,740dc72016f3,2026-07-30T05:51:43.142Z,2026-07-23
cmrxfiyg0000j2b1mia2skd7c,TIER1,HIDE,STORY,SHEET,f9c31824daf6,PUBLISHED,8ab811c063a1,d7158b8ab017,2026-09-12T18:57:52.415Z,2026-07-23
cmrxicojz0004en1mbziwn5tb,TIER2,MANUAL_REVIEW,JOB,BOT,b160bf6ebd12,PUBLISHED,964453bb1c4e,a9f0047be5a6,2026-07-30T11:18:21.305Z,2026-07-23
cmrycxo8q0004wu2y62z5r53t,TIER2,PRESERVE_CANDIDATE,MAGAZINE,BOT,03787c7fb2ee,PUBLISHED,42ce09b1521f,e6a07c6723b4,2026-09-14T02:10:21.948Z,2026-07-24
cmryj14wc0005181m1d7b9lvh,TIER2,KEEP_NOINDEX,STORY,SHEET,f6475ee38e3b,PUBLISHED,0cc6638a8595,9028d4ff971a,2026-09-12T19:21:36.981Z,2026-07-24
cmryxn0dk0004h94st8myh1ll,TIER2,MANUAL_REVIEW,JOB,BOT,b160bf6ebd12,PUBLISHED,cc84363a9fdb,26e5a0d914ee,2026-09-14T00:53:12.381Z,2026-07-24
cmrzsg3uu0004212yoi69lx76,TIER2,PRESERVE_CANDIDATE,MAGAZINE,BOT,03787c7fb2ee,PUBLISHED,f9ba54170b3b,6ea78fd73110,2026-09-14T02:10:21.843Z,2026-07-25
cmrzy8bqr00052m4sc0xivq02,TIER2,KEEP_NOINDEX,STORY,SHEET,759cf3a85572,PUBLISHED,25c2c7b13161,90abf58e6da5,2026-09-13T03:38:41.944Z,2026-07-25
cmrzy8qq6000f2m4s2y09gj9x,TIER2,KEEP_NOINDEX,STORY,SHEET,bc77c58b377d,PUBLISHED,4092233c0feb,8b068b77aaba,2026-09-14T02:21:57.012Z,2026-07-25
cmrzybnzb0004j04sms1r3dpp,TIER2,MANUAL_REVIEW,JOB,BOT,b160bf6ebd12,PUBLISHED,796d77b7ce6f,dc717dbdd735,2026-07-31T20:11:13.468Z,2026-07-25
cms17uims0004a32y4ssluuzf,TIER2,PRESERVE_CANDIDATE,MAGAZINE,BOT,03787c7fb2ee,PUBLISHED,ad85b563f5fb,176b9b4d26e8,2026-09-14T02:10:21.445Z,2026-07-26
cms1c5u840003rh2y6kd53ptn,TIER2,PRESERVE_CANDIDATE,MAGAZINE,BOT,03787c7fb2ee,PUBLISHED,3ddf404f1066,523c603ef9bf,2026-09-14T02:10:21.293Z,2026-07-26
cms1ehfpl0005294swcq0ry2t,TIER2,KEEP_NOINDEX,STORY,SHEET,503dcefc1f00,PUBLISHED,2bb654a5834b,caf68959671d,2026-09-13T13:57:44.407Z,2026-07-26
cms1envi40004hr4s2v4dfbw0,TIER2,MANUAL_REVIEW,JOB,BOT,b160bf6ebd12,PUBLISHED,6b4967037845,312d3c882d32,2026-08-02T06:10:29.254Z,2026-07-26
cms1mb8tq000d2n4sh5h71hiz,TIER1,HIDE,STORY,SHEET,bcceb5031d08,PUBLISHED,8efc8b514912,ffe95747b6b8,2026-09-13T08:03:00.078Z,2026-07-26
cms1rh2520004e24sixm8wnny,TIER2,MANUAL_REVIEW,JOB,BOT,b160bf6ebd12,PUBLISHED,01ed27791ed3,8d5add56fe21,2026-08-02T10:48:01.869Z,2026-07-26
cms2nab7z0004mc2yeug6hhzv,TIER2,PRESERVE_CANDIDATE,MAGAZINE,BOT,03787c7fb2ee,PUBLISHED,e026243c4a9f,cf38317bb0ce,2026-09-14T02:10:05.990Z,2026-07-27
cms2uy6vr0004kz4srhywvbqp,TIER2,MANUAL_REVIEW,JOB,BOT,b160bf6ebd12,PUBLISHED,4f8bc230b4ce,f1fd6cd5bee2,2026-09-09T10:46:58.335Z,2026-07-27
cms2y2yqw0009234sm01ah143,TIER2,KEEP_NOINDEX,STORY,SHEET,70490f43ea58,PUBLISHED,89ca911dbdff,78614664ece1,2026-09-12T15:26:22.127Z,2026-07-27
cms2y36yu000e234spunw9lvc,TIER1,HIDE,STORY,SHEET,12caefa3d3b2,PUBLISHED,6013c1e23d56,fa773f609b9c,2026-09-12T20:20:50.389Z,2026-07-27
cms3a4tev0004h14skhzcyd5r,TIER2,MANUAL_REVIEW,JOB,BOT,b160bf6ebd12,PUBLISHED,43fe0493783a,2761a1569f00,2026-08-03T12:34:52.245Z,2026-07-27
cms41ufkb00113t4s8ekknzjv,TIER2,KEEP_NOINDEX,LIFE2,SHEET,d53b03f2f332,PUBLISHED,9913d6bdaa24,aa47292573fc,2026-09-14T02:41:04.871Z,2026-07-28
cms42qba20004p62y6h93wh0t,TIER2,PRESERVE_CANDIDATE,MAGAZINE,BOT,03787c7fb2ee,PUBLISHED,add6260314db,aeaf3be017b0,2026-09-14T02:10:05.987Z,2026-07-28
cms470kbs0003et2yecacf2ql,TIER2,PRESERVE_CANDIDATE,MAGAZINE,BOT,03787c7fb2ee,PUBLISHED,a933a2fa632f,f42ff372f686,2026-09-14T02:10:05.998Z,2026-07-28
cms4927k60004j04sd8sy783e,TIER2,MANUAL_REVIEW,JOB,BOT,b160bf6ebd12,PUBLISHED,bc9b25c09f24,d3c029f180a8,2026-09-13T23:52:48.045Z,2026-07-28
cms4h269f0004jb4sr1x7t0em,TIER2,MANUAL_REVIEW,JOB,BOT,b160bf6ebd12,PUBLISHED,99ea18a26aef,dbd9079a7839,2026-09-14T01:15:28.940Z,2026-07-28
cms5i68ax0004522ya42gq2vm,TIER2,PRESERVE_CANDIDATE,MAGAZINE,BOT,03787c7fb2ee,PUBLISHED,a4986b6c6a79,0491d9f946ce,2026-09-14T02:10:06.009Z,2026-07-29
cms5mfd0g0003qz2yiv7t18vl,TIER2,PRESERVE_CANDIDATE,MAGAZINE,BOT,03787c7fb2ee,PUBLISHED,745b24e9af0d,ee0069265559,2026-09-13T00:56:22.521Z,2026-07-29
cms5onav70004is4sggc8gs98,TIER2,MANUAL_REVIEW,JOB,BOT,b160bf6ebd12,PUBLISHED,94cf472de1bd,78524df71a8a,2026-09-14T00:22:31.636Z,2026-07-29
cms5xulme00013j4sjidhktzb,TIER1,HIDE,STORY,SHEET,8bd01e6b25d3,PUBLISHED,6c689c7e9196,5c56b039e74f,2026-09-13T19:20:22.645Z,2026-07-29
cms63nzsc0004iy4snf6jaui6,TIER2,MANUAL_REVIEW,JOB,BOT,b160bf6ebd12,PUBLISHED,6de8ae0e6d6a,803066ba465f,2026-09-13T20:50:06.312Z,2026-07-29
cms65z1zh0009454sfsga2niy,TIER2,KEEP_NOINDEX,STORY,SHEET,31c0fc53dec7,PUBLISHED,b0eb09d11e64,433a750b2798,2026-09-13T14:21:36.231Z,2026-07-29
cms6wdk9h00090q11lp9ecbuf,TIER2,KEEP_NOINDEX,STORY,SHEET,92bcfc4410b9,PUBLISHED,8cce0508fa43,ecc830dcb649,2026-09-13T10:10:29.387Z,2026-07-30
cms6xm3yb0004uy2yoms9uyh2,TIER2,PRESERVE_CANDIDATE,MAGAZINE,BOT,03787c7fb2ee,PUBLISHED,f8e0f9286541,fa880b88a0c4,2026-09-14T02:57:03.043Z,2026-07-30
cms70gubn000h0o4sdjk3dty9,TIER2,KEEP_NOINDEX,STORY,SHEET,9e9aebefe615,PUBLISHED,025a77fca8f6,6697601e4533,2026-09-13T14:21:36.077Z,2026-07-30
cms71y7u40003ao2yils0t8aj,TIER2,PRESERVE_CANDIDATE,MAGAZINE,BOT,03787c7fb2ee,PUBLISHED,4b58d2162b88,bf4aa3e4a964,2026-09-13T23:46:07.546Z,2026-07-30
cms73kk130004iu4s83819a68,TIER2,MANUAL_REVIEW,JOB,BOT,b160bf6ebd12,PUBLISHED,66be61d587eb,77e1b1ae74e7,2026-09-13T20:49:48.965Z,2026-07-30
cms74wxrb0007ru2yxm6vhcw9,TIER2,KEEP_NOINDEX,HUMOR,SHEET,59df28873da1,PUBLISHED,7572d9ebce10,302ba9def955,2026-09-14T02:16:17.789Z,2026-07-30
cms7bpeeq0004kk4sv0zqgwdi,TIER2,MANUAL_REVIEW,JOB,BOT,b160bf6ebd12,PUBLISHED,a7e6e67ac9d7,ae3a307e33f6,2026-09-14T00:01:47.088Z,2026-07-30
cms8d1hp30004bd2yjeqcsg2q,TIER2,PRESERVE_CANDIDATE,MAGAZINE,BOT,03787c7fb2ee,PUBLISHED,c69c5703b363,5ee092f1c969,2026-09-13T06:14:33.856Z,2026-07-31
cms8ezuej00071q2yz070jln8,TIER2,KEEP_NOINDEX,HUMOR,SHEET,5c24e06bd5de,PUBLISHED,97111ebcade3,7577415a3e1b,2026-09-14T02:16:17.755Z,2026-07-31
cms9pfow600082m2y3clnvix3,TIER2,KEEP_NOINDEX,HUMOR,SHEET,a04f6ae6274d,PUBLISHED,fd1b37f751b6,634dfd87da79,2026-09-13T14:21:33.817Z,2026-08-01
cms9pfvzx000e2m2yy0zucelb,TIER2,KEEP_NOINDEX,HUMOR,SHEET,43495816cf96,PUBLISHED,e46ab60111fa,ea502aec3c7f,2026-09-14T02:15:48.990Z,2026-08-01
cms9sgtke0004k12ysxhvjis6,TIER2,PRESERVE_CANDIDATE,MAGAZINE,BOT,03787c7fb2ee,PUBLISHED,d2e7ea0e4d58,1ba66ad8060b,2026-09-13T18:31:43.507Z,2026-08-01
cmsa5us4s0004j24ssutj60sm,TIER2,MANUAL_REVIEW,JOB,BOT,b160bf6ebd12,PUBLISHED,16a6876e4b6e,8845502c469a,2026-09-13T22:22:42.800Z,2026-08-01
cmsb7ws2e0004cn2yf1xuczu9,TIER2,PRESERVE_CANDIDATE,MAGAZINE,BOT,03787c7fb2ee,PUBLISHED,1ebe5016d85a,aab6bc0874ce,2026-09-14T01:10:54.242Z,2026-08-02
cmsckbczv0007ho2y04wnl1tm,TIER2,KEEP_NOINDEX,HUMOR,SHEET,5c24e06bd5de,PUBLISHED,2d08b1099ae1,a450dd2cd077,2026-09-14T02:15:48.993Z,2026-08-03
cmscneob60004ep2ylfrxfxcd,TIER2,PRESERVE_CANDIDATE,MAGAZINE,BOT,03787c7fb2ee,PUBLISHED,9e625ea620c5,bc8cfaf1b9e4,2026-09-14T00:51:45.482Z,2026-08-03
cmscr76p3000h0t4s9z5frbnv,TIER2,KEEP_NOINDEX,HUMOR,SHEET,1aea8eeb78a9,PUBLISHED,38a5f0dc6942,6594605cbbf7,2026-09-14T02:15:48.912Z,2026-08-03
cmscuog9r0007zz2yyq1pumm9,TIER2,KEEP_NOINDEX,HUMOR,SHEET,de3593a70b99,PUBLISHED,e81deade9c9d,c966117a313e,2026-09-14T02:15:49.050Z,2026-08-03
cmscups03000r274s4dav8w8b,TIER1,HIDE,LIFE2,SHEET,f4c1613960eb,PUBLISHED,97307ec8929c,05f2df84e35e,2026-09-14T02:41:03.594Z,2026-08-03
cmscustzy0004ih4soqrmm91c,TIER2,MANUAL_REVIEW,JOB,BOT,b160bf6ebd12,PUBLISHED,19bca7803ba4,02f6fbdc496b,2026-08-10T04:49:53.919Z,2026-08-03
cmscy1dzm00052n4scz9eafse,TIER1,HIDE,STORY,SHEET,ce416fd96f70,PUBLISHED,9aaa9ccf3c3f,85f7fde56d31,2026-09-13T08:20:39.917Z,2026-08-03
cmsdc6ifs00014e4sesh6hu7b,TIER1,HIDE,STORY,SHEET,d6d479d4e079,PUBLISHED,8045d2f421e0,bbe826a98d63,2026-09-12T12:09:50.161Z,2026-08-03
cmsdveave00015c4stv42xj5b,TIER2,KEEP_NOINDEX,STORY,SHEET,759cf3a85572,PUBLISHED,5c1e03e9445c,0fdc2baa8871,2026-09-13T17:02:20.456Z,2026-08-03
cmse4r7tz0001x22y13wlhaez,TIER2,KEEP_NOINDEX,HUMOR,SHEET,1aea8eeb78a9,PUBLISHED,9dc234c6cfde,d69ec0f7c9ee,2026-09-14T02:01:11.201Z,2026-08-04
cmse5zld700012g4sh3qdx2ki,TIER2,KEEP_NOINDEX,STORY,SHEET,92bcfc4410b9,PUBLISHED,91aeb2eddfe2,df247b072feb,2026-09-12T12:09:54.277Z,2026-08-04
cmse60wd9000s2g4sva0vkmbj,TIER2,KEEP_NOINDEX,STORY,SHEET,e5ecc39f8414,PUBLISHED,7dcd267d1a9d,9144f8803450,2026-09-13T17:06:48.808Z,2026-08-04
cmseiihso000d2g4sx6ch30et,TIER1,HIDE,STORY,SHEET,5eef8e66202b,PUBLISHED,1def7a01aec5,512b662489a8,2026-09-14T02:38:38.732Z,2026-08-04
cmsfmiani00031m2ya40tztj9,TIER2,PRESERVE_CANDIDATE,MAGAZINE,BOT,03787c7fb2ee,PUBLISHED,1ff4e5ea0f89,1aeb0f9d1e83,2026-09-13T18:17:13.185Z,2026-08-05
cmsfwlyyl0004ek4s94buhsls,TIER2,MANUAL_REVIEW,JOB,BOT,b160bf6ebd12,PUBLISHED,67e5e02f0296,bc61affe2c76,2026-09-14T00:22:39.449Z,2026-08-05
cmsgwt4c600010c4s18a6kgt5,TIER2,KEEP_NOINDEX,STORY,SHEET,9e9aebefe615,PUBLISHED,5c33aaf718a0,038abe513fc1,2026-09-14T02:38:38.440Z,2026-08-06
cmsgxnhud00040g2y1ur8kzt2,TIER2,PRESERVE_CANDIDATE,MAGAZINE,BOT,03787c7fb2ee,PUBLISHED,c5527fff85ff,e915af17abdd,2026-09-13T00:55:54.709Z,2026-08-06
cmshdd5n7000p3e4s9kvd3j7e,TIER2,KEEP_NOINDEX,STORY,SHEET,bcceb5031d08,PUBLISHED,b77003f67ac3,bda129561973,2026-09-14T02:38:37.041Z,2026-08-06
cmshj29g40004ix4sr3za7nbi,TIER2,MANUAL_REVIEW,JOB,BOT,b160bf6ebd12,PUBLISHED,43296e84707b,232d29f7edf7,2026-08-13T10:19:34.339Z,2026-08-06
cmshlha52000dwr1uwxdpixib,TIER1,HIDE,STORY,SHEET,a679d4534d98,PUBLISHED,33149a36c120,54998f56024b,2026-09-14T02:38:37.163Z,2026-08-06
cmsia00nt0005414suv1r6490,TIER2,KEEP_NOINDEX,STORY,SHEET,63e448bbdda2,PUBLISHED,ccc55b5a3619,30228c17c8ac,2026-09-14T02:38:24.109Z,2026-08-07
cmsicebdv000i5k4sxayqwviv,TIER2,KEEP_NOINDEX,HUMOR,SHEET,59df28873da1,PUBLISHED,60fc2d1610ff,e23109762030,2026-09-14T02:01:07.791Z,2026-08-07
cmsicekwd000n5k4seablyskm,TIER2,KEEP_NOINDEX,STORY,SHEET,636948a98f58,PUBLISHED,8053d5af9edf,f975e4e0e266,2026-09-14T02:38:24.152Z,2026-08-07
cmsid5k2p0004lb2ykb54p3xz,TIER2,PRESERVE_CANDIDATE,MAGAZINE,BOT,03787c7fb2ee,PUBLISHED,2ae89f30d106,9e8c8fd3a480,2026-09-13T19:52:46.686Z,2026-08-07
cmsiof3m60004jb4sya7fhq27,TIER2,MANUAL_REVIEW,JOB,BOT,b160bf6ebd12,PUBLISHED,240d944e67b7,f7f7a4128851,2026-09-10T21:37:45.368Z,2026-08-07
cmsiw2e8l0004m14slz9r06s8,TIER2,MANUAL_REVIEW,JOB,BOT,b160bf6ebd12,PUBLISHED,2c67f0348833,a47deede87de,2026-08-14T10:14:26.764Z,2026-08-07
cmsiylg0o000t2u4sk02wbbop,TIER1,HIDE,LIFE2,SHEET,f4c1613960eb,PUBLISHED,4e143db8d569,eb33321d2a01,2026-09-14T02:41:03.151Z,2026-08-07
cmsjpijsr0001rk2ywfvhsmty,TIER2,KEEP_NOINDEX,HUMOR,SHEET,a04f6ae6274d,PUBLISHED,841a2feddca2,d8ddbb575561,2026-09-14T02:01:07.552Z,2026-08-08
cmsjpotwq0009w04so1qf2dze,TIER2,KEEP_NOINDEX,STORY,SHEET,bc77c58b377d,PUBLISHED,17c49b8bdb48,a36a60b692f4,2026-09-12T23:32:39.353Z,2026-08-08
cmsjsn10g0004np2y057yieuj,TIER2,OFFICIAL_NAME_ONLY_REVIEW,MAGAZINE,BOT,03787c7fb2ee,PUBLISHED,8a9b630e0184,d2685c0767aa,2026-09-13T00:55:55.890Z,2026-08-08
cmsk2k94a0009jr2ybn71ydnh,TIER2,KEEP_NOINDEX,HUMOR,SHEET,f228ab33398d,PUBLISHED,4d477040a3fc,74bc2ccb8b4c,2026-09-14T02:01:06.946Z,2026-08-08
cmsl7zz6a0004g52yg5t9kqmm,TIER2,PRESERVE_CANDIDATE,MAGAZINE,BOT,03787c7fb2ee,PUBLISHED,983a0b5f811d,fe43b7f977a8,2026-09-13T00:55:54.421Z,2026-08-09
cmsltljtq0001be2yywmotaah,TIER2,KEEP_NOINDEX,HUMOR,SHEET,a04f6ae6274d,PUBLISHED,af6d345eb306,8d7ccdaef234,2026-09-14T02:01:06.670Z,2026-08-09
cmsmkxn2e0009274slgx8cocd,TIER2,KEEP_NOINDEX,STORY,SHEET,70490f43ea58,PUBLISHED,349e4f0af8be,05f84c80e3a9,2026-09-12T23:32:39.362Z,2026-08-10
cmsmky4sp000i274s9lhc769j,TIER2,KEEP_NOINDEX,LIFE2,SHEET,69e105f5d988,PUBLISHED,2097c991aeb9,43f68f984e46,2026-09-14T02:40:51.866Z,2026-08-10
cmsmndhcz00047v2y357sa08x,TIER2,PRESERVE_CANDIDATE,MAGAZINE,BOT,03787c7fb2ee,PUBLISHED,3ca02dc9bbc6,5988ad02b052,2026-09-14T00:47:16.973Z,2026-08-10
cmsn6go0f0004iw4sgip7zqyk,TIER2,MANUAL_REVIEW,JOB,BOT,b160bf6ebd12,PUBLISHED,9006c25b34c9,a09ecda5de19,2026-09-14T00:18:13.567Z,2026-08-10
cmso07gds0006244sqk1jl3fk,TIER2,KEEP_NOINDEX,STORY,SHEET,e5ecc39f8414,PUBLISHED,9ce63f174094,5f99d44437df,2026-09-13T06:17:47.911Z,2026-08-11
cmso2tmsa0004ke2y50f0d3es,TIER2,PRESERVE_CANDIDATE,MAGAZINE,BOT,03787c7fb2ee,PUBLISHED,7a518e9b2b33,3ba252c4215f,2026-09-14T01:16:52.802Z,2026-08-11
cmso378yn000d2d4skim0wuzh,TIER2,KEEP_NOINDEX,STORY,SHEET,84e4a0bf7241,PUBLISHED,3256b9c6f84e,a2d84b80c98d,2026-09-13T23:19:33.357Z,2026-08-11
cmso5r38t0005584sqfzxh1vd,TIER2,KEEP_NOINDEX,STORY,SHEET,a679d4534d98,PUBLISHED,52913964c8f7,ac900522d16e,2026-09-14T02:11:18.099Z,2026-08-11
cmsocv9vt0001sx2yv9q5nhyb,TIER1,HIDE,HUMOR,SHEET,de3593a70b99,PUBLISHED,bb46cc0d02a7,fdfc687c0c39,2026-09-14T02:01:06.186Z,2026-08-11
cmspg40kq000f0j6hp8q8mzgc,TIER2,KEEP_NOINDEX,STORY,SHEET,9bd11cde93e5,PUBLISHED,42497481b3b8,0436354edff5,2026-09-13T21:51:40.871Z,2026-08-12
cmspid1k60004k82yk3yftgqc,TIER2,PRESERVE_CANDIDATE,MAGAZINE,BOT,03787c7fb2ee,PUBLISHED,15e7f7c36d82,0a1485757a94,2026-09-14T00:47:14.957Z,2026-08-12
cmspm61i80001244sgldhfki8,TIER2,KEEP_NOINDEX,STORY,SHEET,ce416fd96f70,PUBLISHED,3879abf958e6,14b0733b62dd,2026-09-13T21:51:18.370Z,2026-08-12
cmspu8u0n0004gv6hr2n5600s,TIER2,MANUAL_REVIEW,JOB,BOT,b160bf6ebd12,PUBLISHED,5247c10bbb5e,255f7ed8d49b,2026-08-19T03:55:15.771Z,2026-08-12
cmsq1bqa50004d34stx3el8b4,TIER2,MANUAL_REVIEW,JOB,BOT,b160bf6ebd12,PUBLISHED,9658e6f43a58,775ffa09c609,2026-08-19T09:45:07.149Z,2026-08-12
cmsqvlsna00016l4s17wkn708,TIER2,KEEP_NOINDEX,STORY,SHEET,e5ecc39f8414,PUBLISHED,9b0f4cbe2036,e5a54942c427,2026-09-13T21:51:18.472Z,2026-08-13
cmsqxr3qg00047g2yok6x0vwn,TIER2,PRESERVE_CANDIDATE,MAGAZINE,BOT,03787c7fb2ee,PUBLISHED,aa3adcc174b6,3493ddef5255,2026-09-14T00:47:14.848Z,2026-08-13
cmsr1rmd600013j4sgdtvcq2f,TIER2,KEEP_NOINDEX,STORY,SHEET,655717b1daf8,PUBLISHED,18a160169ec7,dfff96c67595,2026-09-13T21:51:18.319Z,2026-08-13
cmsr6rqln0005yc6h4oue3pzx,TIER2,KEEP_NOINDEX,STORY,SHEET,7fa76bbd53ac,PUBLISHED,29ea8d6904e6,3e1543ee40a0,2026-09-13T21:51:17.795Z,2026-08-13
cmsr7r32t0001v02ymlug447c,TIER2,KEEP_NOINDEX,HUMOR,SHEET,43495816cf96,PUBLISHED,92fd3a1bc478,adb4c1c88095,2026-09-14T03:44:44.236Z,2026-08-13
cmssd7pss00048b2y4u09s0me,TIER2,PRESERVE_CANDIDATE,MAGAZINE,BOT,03787c7fb2ee,PUBLISHED,b3f46cb50f6e,52d76c75c7da,2026-09-14T00:47:14.405Z,2026-08-14
cmssyp7yr0005446hgq3cscjv,TIER2,KEEP_NOINDEX,STORY,SHEET,f2d000be046c,PUBLISHED,5072826103c0,6115c1716e2b,2026-09-13T21:51:06.356Z,2026-08-14
cmssyr015000u446h8xved4fp,TIER1,HIDE,STORY,SHEET,12caefa3d3b2,PUBLISHED,42c5b6dc21c9,af75534cabb1,2026-09-13T21:51:08.110Z,2026-08-14
cmstsodyw0004oi2ylxef9cbv,TIER2,PRESERVE_CANDIDATE,MAGAZINE,BOT,03787c7fb2ee,PUBLISHED,ccd20b508546,8a76b58ba00b,2026-09-14T00:47:13.950Z,2026-08-15
cmsvq7yen0004hb6hhfe4pov9,TIER2,MANUAL_REVIEW,JOB,BOT,b160bf6ebd12,PUBLISHED,eda6c7dcbb27,d0529e3b0e81,2026-09-13T19:04:52.133Z,2026-08-16
cmswni3p10004402yjktc1xot,TIER2,PRESERVE_CANDIDATE,MAGAZINE,BOT,03787c7fb2ee,PUBLISHED,78ec9ba28bc0,de115b2bf4e7,2026-09-14T00:47:13.771Z,2026-08-17
cmswphseq0004hf6hmz86exws,TIER2,MANUAL_REVIEW,JOB,BOT,b160bf6ebd12,PUBLISHED,2b9e7e076298,bd6da3d8590b,2026-09-13T18:55:00.856Z,2026-08-17
cmsy2xtco0004ze2yxlr73kfu,TIER2,PRESERVE_CANDIDATE,MAGAZINE,BOT,03787c7fb2ee,PUBLISHED,d2c6d57665fe,554299f68f18,2026-09-14T00:47:13.685Z,2026-08-18
cmsy4kk3b0005ya6hzgniyvm0,TIER2,KEEP_NOINDEX,STORY,SHEET,ec6984d3167d,PUBLISHED,bb04a74f25a6,dda7fb3a6ca1,2026-09-13T22:50:22.973Z,2026-08-18
cmsy4s9ql0004kl6hawjrwb6z,TIER2,MANUAL_REVIEW,JOB,BOT,b160bf6ebd12,PUBLISHED,7ab847ac12c5,e3122fa5a05d,2026-09-13T23:29:50.364Z,2026-08-18
cmsyd7wdw0004bj6h4krvy5qg,TIER2,MANUAL_REVIEW,JOB,BOT,b160bf6ebd12,PUBLISHED,18dfee59670c,f80bbb15639f,2026-09-13T17:46:08.440Z,2026-08-18
cmsyl9ylx0004h16humqkskz1,TIER2,MANUAL_REVIEW,JOB,BOT,b160bf6ebd12,PUBLISHED,2476236b77b7,9297385252ae,2026-09-14T02:53:28.986Z,2026-08-18
cmszidhuu0004s82ytaeqq4vw,TIER2,PRESERVE_CANDIDATE,MAGAZINE,BOT,03787c7fb2ee,PUBLISHED,501420792c60,324256168683,2026-09-14T03:44:26.433Z,2026-08-19
cmszk9aag0004kr6h77a05hew,TIER2,MANUAL_REVIEW,JOB,BOT,b160bf6ebd12,PUBLISHED,c5eefb90f394,5058961eba7a,2026-09-13T02:19:54.018Z,2026-08-19
cmt0xs7ac0004nv2y0b3dh77k,TIER2,PRESERVE_CANDIDATE,MAGAZINE,BOT,03787c7fb2ee,PUBLISHED,cba0394e5bca,2cb19c57f5df,2026-09-14T03:45:06.513Z,2026-08-20
cmt1884dd0004kr6hfjg6ggyg,TIER2,MANUAL_REVIEW,JOB,BOT,b160bf6ebd12,PUBLISHED,7d64f8b35ac2,a7bb90cea8fb,2026-09-11T04:37:51.402Z,2026-08-20
cmt1g7kvx0004j66hygc4f4py,TIER2,MANUAL_REVIEW,JOB,BOT,b160bf6ebd12,PUBLISHED,513ee819254f,0703f55abc71,2026-09-11T04:37:29.682Z,2026-08-20
cmt2dbxs50004mf2yaw2s39nt,TIER2,PRESERVE_CANDIDATE,MAGAZINE,BOT,03787c7fb2ee,PUBLISHED,6cfc878e94e4,806f0100d6b0,2026-09-14T03:45:06.572Z,2026-08-21
cmt2vmicq0004gvyyiymx8ms0,TIER2,MANUAL_REVIEW,JOB,BOT,b160bf6ebd12,PUBLISHED,5fcbbbd551a2,6c2fe516e437,2026-09-11T22:30:42.188Z,2026-08-21
cmt3spvus0004zr2ym45f19ye,TIER2,PRESERVE_CANDIDATE,MAGAZINE,BOT,03787c7fb2ee,PUBLISHED,aae36513e26a,acaf7cc19fd1,2026-09-14T03:45:06.588Z,2026-08-22
cmtv0ad7s000004l5glmurdw3,TIER2,MANUAL_REVIEW,STORY,ADMIN,de3da2cb2a42,PUBLISHED,c9e5edaab489,1bb2dccc4ee3,2026-09-14T03:44:27.432Z,2026-09-10
